GVL Code,Alternate Sample Name,Indentifier,Sequenced Under,Genus,Species,Subspecies,Authority,Common Name,Source Location,Coordinates,Collection Date,Collector,Container Name,Notes,WS_DC01,Deep #1,,Catostomus warnerensis,Catostomus,warnerensis,,Snyder 1908,Warner Sucker,"Deep Creek, OR",42.167892 -119.8800002,7/9/20,Justin Mills,Warner_Suckers_OregonDeptFW_2020,,WS_DC02,Deep #2,,Catostomus warnerensis,Catostomus,warnerensis,,Snyder 1908,Warner Sucker,"Deep Creek, OR",42.167892 -119.8800002,7/9/20,Justin Mills,Warner_Suckers_OregonDeptFW_2020,,WS_DC03,Deep #3,,Catostomus warnerensis,Catostomus,warnerensis,,Snyder 1908,Warner Sucker,"Deep Creek, OR",42.167892 -119.8800002,7/9/20,Justin Mills,Warner_Suckers_OregonDeptFW_2020,,WS_DC04,Deep #4,,Catostomus warnerensis,Catostomus,warnerensis,,Snyder 1908,Warner Sucker,"Deep Creek, OR",42.167892 -119.8800002,7/9/20,Justin Mills,Warner_Suckers_OregonDeptFW_2020,,WS_DC05,Deep #5,,Catostomus warnerensis,Catostomus,warnerensis,,Snyder 1908,Warner Sucker,"Deep Creek, OR",42.167892 -119.8800002,7/9/20,Justin Mills,Warner_Suckers_OregonDeptFW_2020,,WS_DC06,Deep #6,,Catostomus warnerensis,Catostomus,warnerensis,,Snyder 1908,Warner Sucker,"Deep Creek, OR",42.167892 -119.8800002,7/9/20,Justin Mills,Warner_Suckers_OregonDeptFW_2020,,WS_DC07,Deep #7,,Catostomus warnerensis,Catostomus,warnerensis,,Snyder 1908,Warner Sucker,"Deep Creek, OR",42.167892 -119.8800002,7/9/20,Justin Mills,Warner_Suckers_OregonDeptFW_2020,,WS_DC08,Deep #8,,Catostomus warnerensis,Catostomus,warnerensis,,Snyder 1908,Warner Sucker,"Deep Creek, OR",42.166394 -119.881956,7/9/20,Justin Mills,Warner_Suckers_OregonDeptFW_2020,,WS_DC09,Deep #9,,Catostomus warnerensis,Catostomus,warnerensis,,Snyder 1908,Warner Sucker,"Deep Creek, OR",42.166394 -119.881956,7/9/20,Justin Mills,Warner_Suckers_OregonDeptFW_2020,,WS_DC10,Deep #10,,Catostomus warnerensis,Catostomus,warnerensis,,Snyder 1908,Warner Sucker,"Deep Creek, OR",42.166394 -119.881956,7/9/20,Justin Mills,Warner_Suckers_OregonDeptFW_2020,,WS_DC11,Deep #11,,Catostomus warnerensis,Catostomus,warnerensis,,Snyder 1908,Warner Sucker,"Deep Creek, OR",42.165699 -119.883437,7/9/20,Justin Mills,Warner_Suckers_OregonDeptFW_2020,,WS_DC12,Deep #12,,Catostomus warnerensis,Catostomus,warnerensis,,Snyder 1908,Warner Sucker,"Deep Creek, OR",42.165699 -119.883437,7/9/20,Justin Mills,Warner_Suckers_OregonDeptFW_2020,,WS_DC13,Deep #13,,Catostomus warnerensis,Catostomus,warnerensis,,Snyder 1908,Warner Sucker,"Deep Creek, OR",42.165699 -119.883437,7/9/20,Justin Mills,Warner_Suckers_OregonDeptFW_2020,,WS_DC14,Deep #14,,Catostomus warnerensis,Catostomus,warnerensis,,Snyder 1908,Warner Sucker,"Deep Creek, OR",42.16599 -119.886449,7/9/20,Justin Mills,Warner_Suckers_OregonDeptFW_2020,,WS_DC15,Deep #15,,Catostomus warnerensis,Catostomus,warnerensis,,Snyder 1908,Warner Sucker,"Deep Creek, OR",42.16599 -119.886449,7/9/20,Justin Mills,Warner_Suckers_OregonDeptFW_2020,,WS_TMC01,Twentymile Creek #1,,Catostomus warnerensis,Catostomus,warnerensis,,Snyder 1908,Warner Sucker,"Twentymile Creek, OR",42.71281 -119.964148,8/5/20,Justin Mills,Warner_Suckers_OregonDeptFW_2020,,WS_TMC02,Twentymile Creek #2,,Catostomus warnerensis,Catostomus,warnerensis,,Snyder 1908,Warner Sucker,"Twentymile Creek, OR",42.06324 -119.96069,8/5/20,Justin Mills,Warner_Suckers_OregonDeptFW_2020,,WS_TMC03,Twentymile Creek #3,,Catostomus warnerensis,Catostomus,warnerensis,,Snyder 1908,Warner Sucker,"Twentymile Creek, OR",42.06324 -119.96069,8/5/20,Justin Mills,Warner_Suckers_OregonDeptFW_2020,,WS_TMC04,Twentymile Creek #4,,Catostomus warnerensis,Catostomus,warnerensis,,Snyder 1908,Warner Sucker,"Twentymile Creek, OR",42.6723 -119.96593,8/5/20,Justin Mills,Warner_Suckers_OregonDeptFW_2020,,WS_TMC05,Twentymile Creek #5,,Catostomus warnerensis,Catostomus,warnerensis,,Snyder 1908,Warner Sucker,"Twentymile Creek, OR",42.6723 -119.96593,8/5/20,Justin Mills,Warner_Suckers_OregonDeptFW_2020,,WS_TMC06,Twentymile Creek #6,,Catostomus warnerensis,Catostomus,warnerensis,,Snyder 1908,Warner Sucker,"Twentymile Creek, OR",42.06061 -119.959902,8/5/20,Justin Mills,Warner_Suckers_OregonDeptFW_2020,,WS_TMC07,Twentymile Creek #7,,Catostomus warnerensis,Catostomus,warnerensis,,Snyder 1908,Warner Sucker,"Twentymile Creek, OR",42.06061 -119.959902,8/5/20,Justin Mills,Warner_Suckers_OregonDeptFW_2020,,WS_TMC08,Twentymile Creek #8,,Catostomus warnerensis,Catostomus,warnerensis,,Snyder 1908,Warner Sucker,"Twentymile Creek, OR",42.0562 -119.96519,8/5/20,Justin Mills,Warner_Suckers_OregonDeptFW_2020,,WS_TMC09,Twentymile Creek #9,,Catostomus warnerensis,Catostomus,warnerensis,,Snyder 1908,Warner Sucker,"Twentymile Creek, OR",42.0562 -119.96519,8/5/20,Justin Mills,Warner_Suckers_OregonDeptFW_2020,,WS_TMC10,Twentymile Creek #10,,Catostomus warnerensis,Catostomus,warnerensis,,Snyder 1908,Warner Sucker,"Twentymile Creek, OR",42.05851 -119.96235,8/5/20,Justin Mills,Warner_Suckers_OregonDeptFW_2020,,WS_TMC11,Twentymile Creek #11,,Catostomus warnerensis,Catostomus,warnerensis,,Snyder 1908,Warner Sucker,"Twentymile Creek, OR",42.05851 -119.96235,8/5/20,Justin Mills,Warner_Suckers_OregonDeptFW_2020,,WS_TMC12,Twentymile Creek #12,,Catostomus warnerensis,Catostomus,warnerensis,,Snyder 1908,Warner Sucker,"Twentymile Creek, OR",42.05851 -119.96235,8/5/20,Justin Mills,Warner_Suckers_OregonDeptFW_2020,,WS_TMC13,Twentymile Creek #13,,Catostomus warnerensis,Catostomus,warnerensis,,Snyder 1908,Warner Sucker,"Twentymile Creek, OR",42.059266 -119.961468,8/5/20,Justin Mills,Warner_Suckers_OregonDeptFW_2020,,WS_TMC14,Twentymile Creek #14,,Catostomus warnerensis,Catostomus,warnerensis,,Snyder 1908,Warner Sucker,"Twentymile Creek, OR",42.059266 -119.961468,8/5/20,Justin Mills,Warner_Suckers_OregonDeptFW_2020,,WS_TMC15,Twentymile Creek #15,,Catostomus warnerensis,Catostomus,warnerensis,,Snyder 1908,Warner Sucker,"Twentymile Creek, OR",42.059266 -119.961468,8/5/20,Justin Mills,Warner_Suckers_OregonDeptFW_2020,,WS_HC1,Honey Creek #1,,Catostomus warnerensis,Catostomus,warnerensis,,Snyder 1908,Warner Sucker,"Honey Creek, OR",42.419076 -119.905176,8/19/20,Justin Mills,Warner_Suckers_OregonDeptFW_2020,,WS_HC2,Honey Creek #2,,Catostomus warnerensis,Catostomus,warnerensis,,Snyder 1908,Warner Sucker,"Honey Creek, OR",42.419076 -119.905176,8/20/20,Justin Mills,Warner_Suckers_OregonDeptFW_2020,,WS_HC3,Honey Creek #3,,Catostomus warnerensis,Catostomus,warnerensis,,Snyder 1908,Warner Sucker,"Honey Creek, OR",42.419076 -119.905176,8/21/20,Justin Mills,Warner_Suckers_OregonDeptFW_2020,,WS_HC4,Honey Creek #4,,Catostomus warnerensis,Catostomus,warnerensis,,Snyder 1908,Warner Sucker,"Honey Creek, OR",42.419076 -119.905176,8/22/20,Justin Mills,Warner_Suckers_OregonDeptFW_2020,,WS_HC5,Honey Creek #5,,Catostomus warnerensis,Catostomus,warnerensis,,Snyder 1908,Warner Sucker,"Honey Creek, OR",42.422462 -119.919687,8/23/20,Justin Mills,Warner_Suckers_OregonDeptFW_2020,,WS_HC6,Honey Creek #6,,Catostomus warnerensis,Catostomus,warnerensis,,Snyder 1908,Warner Sucker,"Honey Creek, OR",42.418956 -119.911747,8/24/20,Justin Mills,Warner_Suckers_OregonDeptFW_2020,,WS_HC7,Honey Creek #7,,Catostomus warnerensis,Catostomus,warnerensis,,Snyder 1908,Warner Sucker,"Honey Creek, OR",42.418956 -119.911747,8/25/20,Justin Mills,Warner_Suckers_OregonDeptFW_2020,,WS_HC8,Honey Creek #8,,Catostomus warnerensis,Catostomus,warnerensis,,Snyder 1908,Warner Sucker,"Honey Creek, OR",42.418956 -119.911747,8/26/20,Justin Mills,Warner_Suckers_OregonDeptFW_2020,,WCS_01,WCS,,Catostomus sp.,Catostomus,murivallis,,This Paper,Wall Canyon Sucker,"Wall Canyon, NV",Station: WC1,9/30/20,NV Dep of Wildlife,Wall_Canyon_Suckers_NVDeptFW_2020,,WCS_02,WCS,,Catostomus sp.,Catostomus,murivallis,,This Paper,Wall Canyon Sucker,"Wall Canyon, NV",Between WC7-WC8,9/30/20,NV Dep of Wildlife,Wall_Canyon_Suckers_NVDeptFW_2020,,WCS_03,WCS,,Catostomus sp.,Catostomus,murivallis,,This Paper,Wall Canyon Sucker,"Wall Canyon, NV",Between WC7-WC8,9/30/20,NV Dep of Wildlife,Wall_Canyon_Suckers_NVDeptFW_2020,,WCS_04,WCS,,Catostomus sp.,Catostomus,murivallis,,This Paper,Wall Canyon Sucker,"Wall Canyon, NV",Between WC7-WC8,9/30/20,NV Dep of Wildlife,Wall_Canyon_Suckers_NVDeptFW_2020,,WCS_05,WCS,,Catostomus sp.,Catostomus,murivallis,,This Paper,Wall Canyon Sucker,"Wall Canyon, NV",Between WC7-WC8,9/30/20,NV Dep of Wildlife,Wall_Canyon_Suckers_NVDeptFW_2020,,WCS_06,WCS,,Catostomus sp.,Catostomus,murivallis,,This Paper,Wall Canyon Sucker,"Wall Canyon, NV",Station WC11,9/30/20,NV Dep of Wildlife,Wall_Canyon_Suckers_NVDeptFW_2020,,WCS_07,WCS 1,,Catostomus sp.,Catostomus,murivallis,,This Paper,Wall Canyon Sucker,"Wall Canyon, NV",Station WC1,9/30/20,NV Dep of Wildlife,Wall_Canyon_Suckers_NVDeptFW_2020,,WCS_08,WCS 2,,Catostomus sp.,Catostomus,murivallis,,This Paper,Wall Canyon Sucker," Wall Canyon, NV",Station WC1,9/30/20,NV Dep of Wildlife,Wall_Canyon_Suckers_NVDeptFW_2020,,WCS_09,WCS 3,,Catostomus sp.,Catostomus,murivallis,,This Paper,Wall Canyon Sucker," Wall Canyon, NV",Station WC1,9/30/20,NV Dep of Wildlife,Wall_Canyon_Suckers_NVDeptFW_2020,,WCS_10,WCS 5,,Catostomus sp.,Catostomus,murivallis,,This Paper,Wall Canyon Sucker,"Wall Canyon, NV",Station WC2,9/30/20,NV Dep of Wildlife,Wall_Canyon_Suckers_NVDeptFW_2020,,WCS_11,WCS 6,,Catostomus sp.,Catostomus,murivallis,,This Paper,Wall Canyon Sucker,"Wall Canyon, NV",Station WC2,9/30/20,NV Dep of Wildlife,Wall_Canyon_Suckers_NVDeptFW_2020,,WCS_12,WCS 7,,Catostomus sp.,Catostomus,murivallis,,This Paper,Wall Canyon Sucker,"Wall Canyon, NV",Station WC2,9/30/20,NV Dep of Wildlife,Wall_Canyon_Suckers_NVDeptFW_2020,,WCS_13,WCS 8,,Catostomus sp.,Catostomus,murivallis,,This Paper,Wall Canyon Sucker,"Wall Canyon, NV",Station WC2,9/30/20,NV Dep of Wildlife,Wall_Canyon_Suckers_NVDeptFW_2020,,WCS_14,WCS 9,,Catostomus sp.,Catostomus,murivallis,,This Paper,Wall Canyon Sucker,"Wall Canyon, NV",Station WC2,9/30/20,NV Dep of Wildlife,Wall_Canyon_Suckers_NVDeptFW_2020,,WCS_15,WCS 12,,Catostomus sp.,Catostomus,murivallis,,This Paper,Wall Canyon Sucker,"Wall Canyon, NV",Station: WC 4,9/30/20,NV Dep of Wildlife,Wall_Canyon_Suckers_NVDeptFW_2020,,WCS_16,WCS 13,,Catostomus sp.,Catostomus,murivallis,,This Paper,Wall Canyon Sucker,"Wall Canyon, NV",Station: WC 4,9/30/20,NV Dep of Wildlife,Wall_Canyon_Suckers_NVDeptFW_2020,,WCS_17,WCS 14,,Catostomus sp.,Catostomus,murivallis,,This Paper,Wall Canyon Sucker,"Wall Canyon, NV",Station: WC 4,9/30/20,NV Dep of Wildlife,Wall_Canyon_Suckers_NVDeptFW_2020,,WCS_18,WCS 15,,Catostomus sp.,Catostomus,murivallis,,This Paper,Wall Canyon Sucker,"Wall Canyon, NV",Station: WC 4,9/30/20,NV Dep of Wildlife,Wall_Canyon_Suckers_NVDeptFW_2020,,WCS_19,WCS 16,,Catostomus sp.,Catostomus,murivallis,,This Paper,Wall Canyon Sucker,"Wall Canyon, NV",Station: WC 4,9/30/20,NV Dep of Wildlife,Wall_Canyon_Suckers_NVDeptFW_2020,,WCS_20,WCS 17,,Catostomus sp.,Catostomus,murivallis,,This Paper,Wall Canyon Sucker,"Wall Canyon, NV",Station: WC 4,9/30/20,NV Dep of Wildlife,Wall_Canyon_Suckers_NVDeptFW_2020,,WCS_21,WCS 18,,Catostomus sp.,Catostomus,murivallis,,This Paper,Wall Canyon Sucker,"Wall Canyon, NV",Station: WC 4,9/30/20,NV Dep of Wildlife,Wall_Canyon_Suckers_NVDeptFW_2020,,WCS_22,WCS 19,,Catostomus sp.,Catostomus,murivallis,,This Paper,Wall Canyon Sucker,"Wall Canyon, NV",Station: WC 4,9/30/20,NV Dep of Wildlife,Wall_Canyon_Suckers_NVDeptFW_2020,,WCS_23,WCS 20,,Catostomus sp.,Catostomus,murivallis,,This Paper,Wall Canyon Sucker,"Wall Canyon, NV",Station: WC 4,9/30/20,NV Dep of Wildlife,Wall_Canyon_Suckers_NVDeptFW_2020,,WCS_24,WCS 10,,Catostomus sp.,Catostomus,murivallis,,This Paper,Wall Canyon Sucker,"Wall Canyon, NV","Station BN1,",9/30/20,NV Dep of Wildlife,Wall_Canyon_Suckers_NVDeptFW_2020,,WCS_25,WCS 11,,Catostomus sp.,Catostomus,murivallis,,This Paper,Wall Canyon Sucker,"Wall Canyon, NV",Station BN1,9/30/20,NV Dep of Wildlife,Wall_Canyon_Suckers_NVDeptFW_2020,,WCS_26,WCS 12,,Catostomus sp.,Catostomus,murivallis,,This Paper,Wall Canyon Sucker,"Wall Canyon, NV",Station BN1,9/30/20,NV Dep of Wildlife,Wall_Canyon_Suckers_NVDeptFW_2020,,WCS_27,WCS 13,,Catostomus sp.,Catostomus,murivallis,,This Paper,Wall Canyon Sucker,"Wall Canyon, NV",Station BN1,9/30/20,NV Dep of Wildlife,Wall_Canyon_Suckers_NVDeptFW_2020,,S_TR_01,,,Catostomus tahoensis,Catostomus,tahoensis,,Gill & Jordan 1878,Tahoe Sucker,"Truckee River, NV",Painted Rock,10/6/20,"Travis Hawks, NV Dept of Wildlife",Sucker_Truckee_River_NVDeptW_2020,,S_TR_02,,,Catostomus tahoensis,Catostomus,tahoensis,,Gill & Jordan 1878,Tahoe Sucker,"Truckee River, NV",Painted Rock,10/6/20,"Travis Hawks, NV Dept of Wildlife",Sucker_Truckee_River_NVDeptW_2020,,S_TR_03,,,Catostomus tahoensis,Catostomus,tahoensis,,Gill & Jordan 1878,Tahoe Sucker,"Truckee River, NV",Painted Rock,10/6/20,"Travis Hawks, NV Dept of Wildlife",Sucker_Truckee_River_NVDeptW_2020,,S_TR_04,,,Catostomus tahoensis,Catostomus,tahoensis,,Gill & Jordan 1878,Tahoe Sucker,"Truckee River, NV",Painted Rock,10/6/20,"Travis Hawks, NV Dept of Wildlife",Sucker_Truckee_River_NVDeptW_2020,,S_TR_05,,,Catostomus tahoensis,Catostomus,tahoensis,,Gill & Jordan 1878,Tahoe Sucker,"Truckee River, NV",Painted Rock,10/6/20,"Travis Hawks, NV Dept of Wildlife",Sucker_Truckee_River_NVDeptW_2020,,S_TR_06,,,Catostomus tahoensis,Catostomus,tahoensis,,Gill & Jordan 1878,Tahoe Sucker,"Truckee River, NV",Painted Rock,10/7/20,"Travis Hawks, NV Dept of Wildlife",Sucker_Truckee_River_NVDeptW_2020,,S_TR_07,,,Catostomus platyrhynchus,Pantosteus,platyrhynchus,,(Cope 1874),Mountain Sucker,"Truckee River, NV",Painted Rock,10/6/20,"Travis Hawks, NV Dept of Wildlife",Sucker_Truckee_River_NVDeptW_2020,,S_TR_08,,,Catostomus platyrhynchus,Pantosteus,platyrhynchus,,(Cope 1874),Mountain Sucker," Truckee River, NV",Painted Rock,10/6/20,"Travis Hawks, NV Dept of Wildlife",Sucker_Truckee_River_NVDeptW_2020,,S_TR_09,,,Catostomus platyrhynchus,Pantosteus,platyrhynchus,,(Cope 1874),Mountain Sucker,"Truckee River, NV",Painted Rock,10/6/20,"Travis Hawks, NV Dept of Wildlife",Sucker_Truckee_River_NVDeptW_2020,,S_TR_10,,,Catostomus platyrhynchus,Pantosteus,platyrhynchus,,(Cope 1874),Mountain Sucker,"Truckee River, NV",Painted Rock,10/6/20,"Travis Hawks, NV Dept of Wildlife",Sucker_Truckee_River_NVDeptW_2020,,S_TR_11,,,Catostomus platyrhynchus,Pantosteus,platyrhynchus,,(Cope 1874),Mountain Sucker,"Truckee River, NV",Rock Park,10/7/20,"Travis Hawks, NV Dept of Wildlife",Sucker_Truckee_River_NVDeptW_2020,,S_TR_12,,,Catostomus sp,Catostomus,undetermined,,,Unidentified Sucker,"Truckee River, NV",Rock Park,10/7/20,"Travis Hawks, NV Dept of Wildlife",Sucker_Truckee_River_NVDeptW_2020,,S_TR_13,,,Catostomus sp,Catostomus,undetermined,,,Unidentified Sucker,"Truckee River, NV",Rock Park,10/7/20,"Travis Hawks, NV Dept of Wildlife",Sucker_Truckee_River_NVDeptW_2020,,S_TR_14,,,Catostomus sp,Catostomus,undetermined,,,Unidentified Sucker,"Truckee River, NV",Rock Park,10/7/20,"Travis Hawks, NV Dept of Wildlife",Sucker_Truckee_River_NVDeptW_2020,,S_TR_15,,,Catostomus tahoensis,Catostomus,tahoensis,,Gill & Jordan 1878,Tahoe Sucker,"Truckee River, NV",McCarren,10/6/20,"Travis Hawks, NV Dept of Wildlife",Sucker_Truckee_River_NVDeptW_2020,,S_TR_16,,,Catostomus tahoensis,Catostomus,tahoensis,,Gill & Jordan 1878,Tahoe Sucker,"Truckee River, NV",McCarren,10/6/20,"Travis Hawks, NV Dept of Wildlife",Sucker_Truckee_River_NVDeptW_2020,,S_TR_17,,,Catostomus tahoensis,Catostomus,tahoensis,,Gill & Jordan 1878,Tahoe Sucker,"Truckee River, NV",McCarren,10/6/20,"Travis Hawks, NV Dept of Wildlife",Sucker_Truckee_River_NVDeptW_2020,,S_TR_18,,,Catostomus platyrhynchus,Pantosteus,platyrhynchus,,(Cope 1874),Mountain Sucker,"Truckee River, NV",McCarren,10/6/20,"Travis Hawks, NV Dept of Wildlife",Sucker_Truckee_River_NVDeptW_2020,,S_TR_19,,,Catostomus platyrhynchus,Pantosteus,platyrhynchus,,(Cope 1874),Mountain Sucker," Truckee River, NV",Verdi Dam,10/8/20,"Travis Hawks, NV Dept of Wildlife",Sucker_Truckee_River_NVDeptW_2020,,S_TR_20,,,Catostomus platyrhynchus,Pantosteus,platyrhynchus,,(Cope 1874),Mountain Sucker,"Truckee River, NV",Verdi Dam,10/8/20,"Travis Hawks, NV Dept of Wildlife",Sucker_Truckee_River_NVDeptW_2020,,TS_EFCR_01,,,Catostomus tahoensis,Catostomus,tahoensis,,Gill & Jordan 1878,Tahoe Sucker,"East Fork Carson River, NV",38.87569 -119.69025,7/28/20,"Travis Hawks, NV Dept of Wildlife",Tahoe_Sucker_East_Fork_Carson_River_NVDeptW_2020,,TS_EFCR_02,,,Catostomus tahoensis,Catostomus,tahoensis,,Gill & Jordan 1878,Tahoe Sucker,"East Fork Carson River, NV",38.87569 -119.69025,7/29/20,"Travis Hawks, NV Dept of Wildlife",Tahoe_Sucker_East_Fork_Carson_River_NVDeptW_2020,,TS_EFCR_03,,,Catostomus tahoensis,Catostomus,tahoensis,,Gill & Jordan 1878,Tahoe Sucker,"East Fork Carson River, NV",38.87569 -119.69025,7/30/20,"Travis Hawks, NV Dept of Wildlife",Tahoe_Sucker_East_Fork_Carson_River_NVDeptW_2020,,TS_EFCR_04,,,Catostomus tahoensis,Catostomus,tahoensis,,Gill & Jordan 1878,Tahoe Sucker,"East Fork Carson River, NV",38.87569 -119.69025,7/31/20,"Travis Hawks, NV Dept of Wildlife",Tahoe_Sucker_East_Fork_Carson_River_NVDeptW_2020,,TS_EFCR_05,,,Catostomus tahoensis,Catostomus,tahoensis,,Gill & Jordan 1878,Tahoe Sucker,"East Fork Carson River, NV",38.87569 -119.69025,8/1/20,"Travis Hawks, NV Dept of Wildlife",Tahoe_Sucker_East_Fork_Carson_River_NVDeptW_2020,,TS_EFCR_06,,,Catostomus tahoensis,Catostomus,tahoensis,,Gill & Jordan 1878,Tahoe Sucker,"East Fork Carson River, NV",38.87569 -119.69025,8/2/20,"Travis Hawks, NV Dept of Wildlife",Tahoe_Sucker_East_Fork_Carson_River_NVDeptW_2020,,TS_EFCR_07,,,Catostomus tahoensis,Catostomus,tahoensis,,Gill & Jordan 1878,Tahoe Sucker,"East Fork Carson River, NV",38.87569 -119.69025,8/3/20,"Travis Hawks, NV Dept of Wildlife",Tahoe_Sucker_East_Fork_Carson_River_NVDeptW_2020,,TS_EFCR_08,,,Catostomus tahoensis,Catostomus,tahoensis,,Gill & Jordan 1878,Tahoe Sucker,"East Fork Carson River, NV",38.87569 -119.69025,8/4/20,"Travis Hawks, NV Dept of Wildlife",Tahoe_Sucker_East_Fork_Carson_River_NVDeptW_2020,,TS_EFCR_09,,,Catostomus tahoensis,Catostomus,tahoensis,,Gill & Jordan 1878,Tahoe Sucker,"East Fork Carson River, NV",38.87569 -119.69025,8/5/20,"Travis Hawks, NV Dept of Wildlife",Tahoe_Sucker_East_Fork_Carson_River_NVDeptW_2020,,TS_EFCR_10,,,Catostomus tahoensis,Catostomus,tahoensis,,Gill & Jordan 1878,Tahoe Sucker,"East Fork Carson River, NV",38.87569 -119.69025,8/6/20,"Travis Hawks, NV Dept of Wildlife",Tahoe_Sucker_East_Fork_Carson_River_NVDeptW_2020,,TS_EFCR_11,,,Catostomus tahoensis,Catostomus,tahoensis,,Gill & Jordan 1878,Tahoe Sucker,"East Fork Carson River, NV",38.87569 -119.69025,8/7/20,"Travis Hawks, NV Dept of Wildlife",Tahoe_Sucker_East_Fork_Carson_River_NVDeptW_2020,,TS_EFCR_12,,,Catostomus tahoensis,Catostomus,tahoensis,,Gill & Jordan 1878,Tahoe Sucker,"East Fork Carson River, NV",38.87569 -119.69025,8/8/20,"Travis Hawks, NV Dept of Wildlife",Tahoe_Sucker_East_Fork_Carson_River_NVDeptW_2020,,TS_EFCR_13,,,Catostomus tahoensis,Catostomus,tahoensis,,Gill & Jordan 1878,Tahoe Sucker,"East Fork Carson River, NV",38.87569 -119.69025,8/9/20,"Travis Hawks, NV Dept of Wildlife",Tahoe_Sucker_East_Fork_Carson_River_NVDeptW_2020,,TS_EFCR_14,,,Catostomus tahoensis,Catostomus,tahoensis,,Gill & Jordan 1878,Tahoe Sucker,"East Fork Carson River, NV",38.87569 -119.69025,8/10/20,"Travis Hawks, NV Dept of Wildlife",Tahoe_Sucker_East_Fork_Carson_River_NVDeptW_2020,,TS_EFCR_15,,,Catostomus tahoensis,Catostomus,tahoensis,,Gill & Jordan 1878,Tahoe Sucker,"East Fork Carson River, NV",38.87569 -119.69025,8/11/20,"Travis Hawks, NV Dept of Wildlife",Tahoe_Sucker_East_Fork_Carson_River_NVDeptW_2020,,TS_EFCR_16,,,Catostomus tahoensis,Catostomus,tahoensis,,Gill & Jordan 1878,Tahoe Sucker,"East Fork Carson River, NV",38.87569 -119.69025,8/12/20,"Travis Hawks, NV Dept of Wildlife",Tahoe_Sucker_East_Fork_Carson_River_NVDeptW_2020,,TS_EFCR_17,,,Catostomus tahoensis,Catostomus,tahoensis,,Gill & Jordan 1878,Tahoe Sucker,"East Fork Carson River, NV",38.87569 -119.69025,8/13/20,"Travis Hawks, NV Dept of Wildlife",Tahoe_Sucker_East_Fork_Carson_River_NVDeptW_2020,,TS_EFCR_18,,,Catostomus tahoensis,Catostomus,tahoensis,,Gill & Jordan 1878,Tahoe Sucker,"East Fork Carson River, NV",38.87569 -119.69025,8/14/20,"Travis Hawks, NV Dept of Wildlife",Tahoe_Sucker_East_Fork_Carson_River_NVDeptW_2020,,TS_EFCR_19,,,Catostomus tahoensis,Catostomus,tahoensis,,Gill & Jordan 1878,Tahoe Sucker,"East Fork Carson River, NV",38.87569 -119.69025,8/15/20,"Travis Hawks, NV Dept of Wildlife",Tahoe_Sucker_East_Fork_Carson_River_NVDeptW_2020,,934-002,,,Catostomus occidentalis,Catostomus,occidentalis,occidentalis,Ayres 1854,Sacremento Sucker,"Upper Pit, CA & OR",Ash Creek: Ash Valley,,"Christain Smith, FWS",SacSucker_modocSucker_NoCA_FWS_2020,,934-003,,,Catostomus occidentalis,Catostomus,occidentalis,occidentalis,Ayres 1854,Sacremento Sucker,"Upper Pit, CA & OR",Ash Creek: Ash Valley,,"Christain Smith, FWS",SacSucker_modocSucker_NoCA_FWS_2020,,934-004,,,Catostomus occidentalis,Catostomus,occidentalis,occidentalis,Ayres 1854,Sacremento Sucker,"Upper Pit, CA & OR",Ash Creek: Ash Valley,,"Christain Smith, FWS",SacSucker_modocSucker_NoCA_FWS_2020,,934-005,,,Catostomus occidentalis,Catostomus,occidentalis,occidentalis,Ayres 1854,Sacremento Sucker,"Upper Pit, CA & OR",Ash Creek: Ash Valley,,"Christain Smith, FWS",SacSucker_modocSucker_NoCA_FWS_2020,,934-006,,,Catostomus occidentalis,Catostomus,occidentalis,occidentalis,Ayres 1854,Sacremento Sucker,"Upper Pit, CA & OR",Ash Creek: Ash Valley,,"Christain Smith, FWS",SacSucker_modocSucker_NoCA_FWS_2020,,934-007,,,Catostomus occidentalis,Catostomus,occidentalis,occidentalis,Ayres 1854,Sacremento Sucker,"Upper Pit, CA & OR",Ash Creek: Ash Valley,,"Christain Smith, FWS",SacSucker_modocSucker_NoCA_FWS_2020,,934-008,,,Catostomus occidentalis,Catostomus,occidentalis,occidentalis,Ayres 1854,Sacremento Sucker,"Upper Pit, CA & OR",Ash Creek: Ash Valley,,"Christain Smith, FWS",SacSucker_modocSucker_NoCA_FWS_2020,,934-009,,,Catostomus occidentalis,Catostomus,occidentalis,occidentalis,Ayres 1854,Sacremento Sucker,"Upper Pit, CA & OR",Ash Creek: Ash Valley,,"Christain Smith, FWS",SacSucker_modocSucker_NoCA_FWS_2020,,934-010,,,Catostomus occidentalis,Catostomus,occidentalis,occidentalis,Ayres 1854,Sacremento Sucker,"Upper Pit, CA & OR",Ash Creek: Ash Valley,,"Christain Smith, FWS",SacSucker_modocSucker_NoCA_FWS_2020,,934-011,,,Catostomus occidentalis,Catostomus,occidentalis,occidentalis,Ayres 1854,Sacremento Sucker,"Upper Pit, CA & OR",Ash Creek: Ash Valley,,"Christain Smith, FWS",SacSucker_modocSucker_NoCA_FWS_2020,,934-012,,,Catostomus occidentalis,Catostomus,occidentalis,occidentalis,Ayres 1854,Sacremento Sucker,"Upper Pit, CA & OR",Ash Creek: Ash Valley,,"Christain Smith, FWS",SacSucker_modocSucker_NoCA_FWS_2020,,934-013,,,Catostomus occidentalis,Catostomus,occidentalis,occidentalis,Ayres 1854,Sacremento Sucker,"Upper Pit, CA & OR",Ash Creek: Ash Valley,,"Christain Smith, FWS",SacSucker_modocSucker_NoCA_FWS_2020,,945-006,,,Catostomus occidentalis,Catostomus,occidentalis,occidentalis,Ayres 1854,Sacremento Sucker,"Upper Pit, CA & OR",Ash Creek: Ash Valley,,"Christain Smith, FWS",SacSucker_modocSucker_NoCA_FWS_2020,,945-007,,,Catostomus occidentalis,Catostomus,occidentalis,lacuanserinus,Ayres 1854,Sacremento Sucker,"Upper Pit, CA & OR",Goose Lake: Dent,,"Christain Smith, FWS",SacSucker_modocSucker_NoCA_FWS_2020,,945-008,,,Catostomus occidentalis,Catostomus,occidentalis,lacuanserinus,Ayres 1854,Sacremento Sucker,"Upper Pit, CA & OR",Goose Lake: Dent,,"Christain Smith, FWS",SacSucker_modocSucker_NoCA_FWS_2020,,945-009,,,Catostomus occidentalis,Catostomus,occidentalis,lacuanserinus,Ayres 1854,Sacremento Sucker,"Upper Pit, CA & OR",Goose Lake: Dent,,"Christain Smith, FWS",SacSucker_modocSucker_NoCA_FWS_2020,,945-010,,,Catostomus occidentalis,Catostomus,occidentalis,lacuanserinus,Ayres 1854,Sacremento Sucker,"Upper Pit, CA & OR",Goose Lake: Dent,,"Christain Smith, FWS",SacSucker_modocSucker_NoCA_FWS_2020,,1208-008,,,Catostomus occidentalis,Catostomus,occidentalis,lacuanserinus,Ayres 1854,Sacremento Sucker,"Upper Pit, CA & OR",Goose Lake: Dent,,"Christain Smith, FWS",SacSucker_modocSucker_NoCA_FWS_2020,,1208-009,,,Catostomus microps,Catostomus,microps,,Rutter 1908,Modoc Sucker,"Upper Pit, CA & OR",Turner Creek: Garden Gulch,,"Christain Smith, FWS",SacSucker_modocSucker_NoCA_FWS_2020,,1208-010,,,Catostomus microps,Catostomus,microps,,Rutter 1908,Modoc Sucker,"Upper Pit, CA & OR",Turner Creek: Garden Gulch,,"Christain Smith, FWS",SacSucker_modocSucker_NoCA_FWS_2020,,1208-011,,,Catostomus microps,Catostomus,microps,,Rutter 1908,Modoc Sucker,"Upper Pit, CA & OR",Turner Creek: Garden Gulch,,"Christain Smith, FWS",SacSucker_modocSucker_NoCA_FWS_2020,,1208-012,,,Catostomus microps,Catostomus,microps,,Rutter 1908,Modoc Sucker,"Upper Pit, CA & OR",Turner Creek: Garden Gulch,,"Christain Smith, FWS",SacSucker_modocSucker_NoCA_FWS_2020,,1208-013,,,Catostomus microps,Catostomus,microps,,Rutter 1908,Modoc Sucker,"Upper Pit, CA & OR",Turner Creek: Garden Gulch,,"Christain Smith, FWS",SacSucker_modocSucker_NoCA_FWS_2020,,1208-014,,,Catostomus microps,Catostomus,microps,,Rutter 1908,Modoc Sucker,"Upper Pit, CA & OR",Turner Creek: Garden Gulch,,"Christain Smith, FWS",SacSucker_modocSucker_NoCA_FWS_2020,,1208-015,,,Catostomus microps,Catostomus,microps,,Rutter 1908,Modoc Sucker,"Upper Pit, CA & OR",Turner Creek: Garden Gulch,,"Christain Smith, FWS",SacSucker_modocSucker_NoCA_FWS_2020,,1208-016,,,Catostomus microps,Catostomus,microps,,Rutter 1908,Modoc Sucker,"Upper Pit, CA & OR",Turner Creek: Garden Gulch,,"Christain Smith, FWS",SacSucker_modocSucker_NoCA_FWS_2020,,1208-017,,,Catostomus microps,Catostomus,microps,,Rutter 1908,Modoc Sucker,"Upper Pit, CA & OR",Turner Creek: Garden Gulch,,"Christain Smith, FWS",SacSucker_modocSucker_NoCA_FWS_2020,,1208-058,,,Catostomus microps,Catostomus,microps,,Rutter 1908,Modoc Sucker,"Upper Pit, CA & OR",Turner Creek: Garden Gulch,,"Christain Smith, FWS",SacSucker_modocSucker_NoCA_FWS_2020,,1208-059,,,Catostomus microps,Catostomus,microps,,Rutter 1908,Modoc Sucker,"Upper Pit, CA & OR",Ash Creek: Johnson,,"Christain Smith, FWS",SacSucker_modocSucker_NoCA_FWS_2020,,1208-060,,,Catostomus microps,Catostomus,microps,,Rutter 1908,Modoc Sucker,"Upper Pit, CA & OR",Ash Creek: Johnson,,"Christain Smith, FWS",SacSucker_modocSucker_NoCA_FWS_2020,,1208-061,,,Catostomus microps,Catostomus,microps,,Rutter 1908,Modoc Sucker,"Upper Pit, CA & OR",Ash Creek: Johnson,,"Christain Smith, FWS",SacSucker_modocSucker_NoCA_FWS_2020,,1208-062,,,Catostomus microps,Catostomus,microps,,Rutter 1908,Modoc Sucker,"Upper Pit, CA & OR",Ash Creek: Johnson,,"Christain Smith, FWS",SacSucker_modocSucker_NoCA_FWS_2020,,1208-063,,,Catostomus microps,Catostomus,microps,,Rutter 1908,Modoc Sucker,"Upper Pit, CA & OR",Ash Creek: Johnson,,"Christain Smith, FWS",SacSucker_modocSucker_NoCA_FWS_2020,,1208-064,,,Catostomus microps,Catostomus,microps,,Rutter 1908,Modoc Sucker,"Upper Pit, CA & OR",Ash Creek: Johnson,,"Christain Smith, FWS",SacSucker_modocSucker_NoCA_FWS_2020,,1208-065,,,Catostomus microps,Catostomus,microps,,Rutter 1908,Modoc Sucker,"Upper Pit, CA & OR",Ash Creek: Johnson,,"Christain Smith, FWS",SacSucker_modocSucker_NoCA_FWS_2020,,1208-066,,,Catostomus microps,Catostomus,microps,,Rutter 1908,Modoc Sucker,"Upper Pit, CA & OR",Ash Creek: Johnson,,"Christain Smith, FWS",SacSucker_modocSucker_NoCA_FWS_2020,,1208-067,,,Catostomus microps,Catostomus,microps,,Rutter 1908,Modoc Sucker,"Upper Pit, CA & OR",Ash Creek: Johnson,,"Christain Smith, FWS",SacSucker_modocSucker_NoCA_FWS_2020,,1272-011,,,Catostomus microps,Catostomus,microps,,Rutter 1908,Modoc Sucker,"Upper Pit, CA & OR",Ash Creek: Johnson,,"Christain Smith, FWS",SacSucker_modocSucker_NoCA_FWS_2020,,1272-012,,,Catostomus occidentalis,Catostomus,occidentalis,lacuanserinus,Ayres 1854,Sacremento Sucker,"Upper Pit, CA & OR",Cottonwood,,"Christain Smith, FWS",SacSucker_modocSucker_NoCA_FWS_2020,,1272-013,,,Catostomus occidentalis,Catostomus,occidentalis,lacuanserinus,Ayres 1854,Sacremento Sucker,"Upper Pit, CA & OR",Cottonwood,,"Christain Smith, FWS",SacSucker_modocSucker_NoCA_FWS_2020,,1272-014,,,Catostomus occidentalis,Catostomus,occidentalis,lacuanserinus,Ayres 1854,Sacremento Sucker,"Upper Pit, CA & OR",Cottonwood,,"Christain Smith, FWS",SacSucker_modocSucker_NoCA_FWS_2020,,1272-015,,,Catostomus occidentalis,Catostomus,occidentalis,lacuanserinus,Ayres 1854,Sacremento Sucker,"Upper Pit, CA & OR",Cottonwood,,"Christain Smith, FWS",SacSucker_modocSucker_NoCA_FWS_2020,,1272-016,,,Catostomus occidentalis,Catostomus,occidentalis,lacuanserinus,Ayres 1854,Sacremento Sucker,"Upper Pit, CA & OR",Cottonwood,,"Christain Smith, FWS",SacSucker_modocSucker_NoCA_FWS_2020,,1272-017,,,Catostomus occidentalis,Catostomus,occidentalis,lacuanserinus,Ayres 1854,Sacremento Sucker,"Upper Pit, CA & OR",Cottonwood,,"Christain Smith, FWS",SacSucker_modocSucker_NoCA_FWS_2020,,1272-018,,,Catostomus occidentalis,Catostomus,occidentalis,lacuanserinus,Ayres 1854,Sacremento Sucker,"Upper Pit, CA & OR",Cottonwood,,"Christain Smith, FWS",SacSucker_modocSucker_NoCA_FWS_2020,,1272-019,,,Catostomus occidentalis,Catostomus,occidentalis,lacuanserinus,Ayres 1854,Sacremento Sucker,"Upper Pit, CA & OR",Cottonwood,,"Christain Smith, FWS",SacSucker_modocSucker_NoCA_FWS_2020,,1272-020,,,Catostomus occidentalis,Catostomus,occidentalis,lacuanserinus,Ayres 1854,Sacremento Sucker,"Upper Pit, CA & OR",Cottonwood,,"Christain Smith, FWS",SacSucker_modocSucker_NoCA_FWS_2020,,OSKR_1,1,,Catostomus fumeiventris,Catostomus,fumeiventris,,Miller 1973,Owens Sucker,"South Fork, Bishop, CA",,7/26/21,"Rosa Cox, CDFW",Owens_Sucker_Bishop_2021,"Easting and Northing: 375501, 4136678",OSKR_2,2,,Catostomus fumeiventris,Catostomus,fumeiventris,,Miller 1973,Owens Sucker,"South Fork, Bishop, CA",,7/26/21,"Rosa Cox, CDFW",Owens_Sucker_Bishop_2021,"Easting and Northing: 375501, 4136678",OSKR_3,3,,Catostomus fumeiventris,Catostomus,fumeiventris,,Miller 1973,Owens Sucker,"Lower Rock Creek, Bishop, CA",,7/27/21,"Rosa Cox, CDFW",Owens_Sucker_Bishop_2021,"Easting and Northing: 359769, 4146085",OSKR_4,4,,Catostomus fumeiventris,Catostomus,fumeiventris,,Miller 1973,Owens Sucker,"Lower Rock Creek, Bishop, CA",,7/27/21,"Rosa Cox, CDFW",Owens_Sucker_Bishop_2021,"Easting and Northing: 359769, 4146085",OSKR_5,5,,Catostomus fumeiventris,Catostomus,fumeiventris,,Miller 1973,Owens Sucker,"Lower Rock Creek, Bishop, CA",,7/27/21,"Rosa Cox, CDFW",Owens_Sucker_Bishop_2021,"Easting and Northing: 359769, 4146085",OSKR_6,6,,Catostomus fumeiventris,Catostomus,fumeiventris,,Miller 1973,Owens Sucker,"Lower Rock Creek, Bishop, CA",,7/27/21,"Rosa Cox, CDFW",Owens_Sucker_Bishop_2021,"Easting and Northing: 359769, 4146085",OSKR_7,7,,Catostomus fumeiventris,Catostomus,fumeiventris,,Miller 1973,Owens Sucker,"Lower Rock Creek, Bishop, CA",,7/27/21,"Rosa Cox, CDFW",Owens_Sucker_Bishop_2021,"Easting and Northing: 359769, 4146085",OSKR_8,8,,Catostomus fumeiventris,Catostomus,fumeiventris,,Miller 1973,Owens Sucker,"Lower Rock Creek, Bishop, CA",,7/27/21,"Rosa Cox, CDFW",Owens_Sucker_Bishop_2021,"Easting and Northing: 359769, 4146085",OSKR_9,9,,Catostomus fumeiventris,Catostomus,fumeiventris,,Miller 1973,Owens Sucker,"Lower Rock Creek, Bishop, CA",,7/27/21,"Rosa Cox, CDFW",Owens_Sucker_Bishop_2021,"Easting and Northing: 359769, 4146085",OSKR_10,10,,Catostomus fumeiventris,Catostomus,fumeiventris,,Miller 1973,Owens Sucker,"Lower Rock Creek, Bishop, CA",,7/27/21,"Rosa Cox, CDFW",Owens_Sucker_Bishop_2021,"Easting and Northing: 359769, 4146085",OSKR_11,11,,Catostomus fumeiventris,Catostomus,fumeiventris,,Miller 1973,Owens Sucker,"Lower Rock Creek, Bishop, CA",,7/27/21,"Rosa Cox, CDFW",Owens_Sucker_Bishop_2021,"Easting and Northing: 359769, 4146085",OSKR_12,12,,Catostomus fumeiventris,Catostomus,fumeiventris,,Miller 1973,Owens Sucker,"Lower Rock Creek, Bishop, CA",,7/27/21,"Rosa Cox, CDFW",Owens_Sucker_Bishop_2021,"Easting and Northing: 359769, 4146085",OSKR_13,13,,Catostomus fumeiventris,Catostomus,fumeiventris,,Miller 1973,Owens Sucker,"Lower Rock Creek, Bishop, CA",,7/27/21,"Rosa Cox, CDFW",Owens_Sucker_Bishop_2021,"Easting and Northing: 359769, 4146085",OSKR_14,14,,Catostomus fumeiventris,Catostomus,fumeiventris,,Miller 1973,Owens Sucker,"Lower Rock Creek, Bishop, CA",,7/27/21,"Rosa Cox, CDFW",Owens_Sucker_Bishop_2021,"Easting and Northing: 359769, 4146085",OSKR_15,15,,Catostomus fumeiventris,Catostomus,fumeiventris,,Miller 1973,Owens Sucker,"Lower Rock Creek, Bishop, CA",,7/27/21,"Rosa Cox, CDFW",Owens_Sucker_Bishop_2021,"Easting and Northing: 359769, 4146085",OSKR_16,16,,Catostomus fumeiventris,Catostomus,fumeiventris,,Miller 1973,Owens Sucker,"Lower Rock Creek, Bishop, CA",,7/27/21,"Rosa Cox, CDFW",Owens_Sucker_Bishop_2021,"Easting and Northing: 359769, 4146085",OSKR_17,17,,Catostomus fumeiventris,Catostomus,fumeiventris,,Miller 1973,Owens Sucker,"Lower Rock Creek, Bishop, CA",,7/27/21,"Rosa Cox, CDFW",Owens_Sucker_Bishop_2021,"Easting and Northing: 359769, 4146085",OSKR_18,18,,Catostomus fumeiventris,Catostomus,fumeiventris,,Miller 1973,Owens Sucker,"Horton Creek,  Bishop, CA",,7/27/21,"Rosa Cox, CDFW",Owens_Sucker_Bishop_2021,"Easting and Northing: 369786, 4140172",OSKR_19,19,,Catostomus fumeiventris,Catostomus,fumeiventris,,Miller 1973,Owens Sucker,"Horton Creek,  Bishop, CA",,7/27/21,"Rosa Cox, CDFW",Owens_Sucker_Bishop_2021,"Easting and Northing: 369786, 4140172",OSKR_20,20,,Catostomus fumeiventris,Catostomus,fumeiventris,,Miller 1973,Owens Sucker,"Horton Creek,  Bishop, CA",,7/27/21,"Rosa Cox, CDFW",Owens_Sucker_Bishop_2021,"Easting and Northing: 369786, 4140172",OSKR_21,21,,Catostomus fumeiventris,Catostomus,fumeiventris,,Miller 1973,Owens Sucker,"Lower Hot Creek, Bishop, CA",,7/28/21,"Rosa Cox, CDFW",Owens_Sucker_Bishop_2021,"Easting and Northing: 342942, 4174784",OSKR_22,22,,Catostomus fumeiventris,Catostomus,fumeiventris,,Miller 1973,Owens Sucker,"Lower Hot Creek, Bishop, CA",,7/28/21,"Rosa Cox, CDFW",Owens_Sucker_Bishop_2021,"Easting and Northing: 342942, 4174784",OSKR_23,23,,Catostomus fumeiventris,Catostomus,fumeiventris,,Miller 1973,Owens Sucker,"Lower Hot Creek, Bishop, CA",,7/28/21,"Rosa Cox, CDFW",Owens_Sucker_Bishop_2021,"Easting and Northing: 342942, 4174784",OSKR_24,24,,Catostomus fumeiventris,Catostomus,fumeiventris,,Miller 1973,Owens Sucker,"Lower Hot Creek, Bishop, CA",,7/28/21,"Rosa Cox, CDFW",Owens_Sucker_Bishop_2021,"Easting and Northing: 342942, 4174784",OSKR_25,25,,Catostomus fumeiventris,Catostomus,fumeiventris,,Miller 1973,Owens Sucker,"Lower Hot Creek, Bishop, CA",,7/28/21,"Rosa Cox, CDFW",Owens_Sucker_Bishop_2021,"Easting and Northing: 342942, 4174784",OSKR_26,26,,Catostomus fumeiventris,Catostomus,fumeiventris,,Miller 1973,Owens Sucker,"Lower Hot Creek, Bishop, CA",,7/28/21,"Rosa Cox, CDFW",Owens_Sucker_Bishop_2021,"Easting and Northing: 342942, 4174784",OSKR_27,27,,Catostomus fumeiventris,Catostomus,fumeiventris,,Miller 1973,Owens Sucker,"Lower Hot Creek, Bishop, CA",,7/28/21,"Rosa Cox, CDFW",Owens_Sucker_Bishop_2021,"Easting and Northing: 342942, 4174784",OSKR_28,28,,Catostomus fumeiventris,Catostomus,fumeiventris,,Miller 1973,Owens Sucker,"Lower Hot Creek, Bishop, CA",,7/28/21,"Rosa Cox, CDFW",Owens_Sucker_Bishop_2021,"Easting and Northing: 342942, 4174784",OSKR_29,29,,Catostomus fumeiventris,Catostomus,fumeiventris,,Miller 1973,Owens Sucker,"Lower Hot Creek, Bishop, CA",,7/28/21,"Rosa Cox, CDFW",Owens_Sucker_Bishop_2021,"Easting and Northing: 342942, 4174784",OSKR_30,30,,Catostomus fumeiventris,Catostomus,fumeiventris,,Miller 1973,Owens Sucker,"Lower Hot Creek, Bishop, CA",,7/28/21,"Rosa Cox, CDFW",Owens_Sucker_Bishop_2021,"Easting and Northing: 342942, 4174784",OSKR_31,31,,Catostomus fumeiventris,Catostomus,fumeiventris,,Miller 1973,Owens Sucker,"Lower Hot Creek, Bishop, CA",,7/28/21,"Rosa Cox, CDFW",Owens_Sucker_Bishop_2021,"Easting and Northing: 342942, 4174784",OSKR_32,32,,Catostomus fumeiventris,Catostomus,fumeiventris,,Miller 1973,Owens Sucker,"Lower Hot Creek, Bishop, CA",,7/28/21,"Rosa Cox, CDFW",Owens_Sucker_Bishop_2021,"Easting and Northing: 342942, 4174784",OSKR_33,33,,Catostomus fumeiventris,Catostomus,fumeiventris,,Miller 1973,Owens Sucker,"Lower Hot Creek, Bishop, CA",,7/28/21,"Rosa Cox, CDFW",Owens_Sucker_Bishop_2021,"Easting and Northing: 342942, 4174784",OSKR_34,34,,Catostomus fumeiventris,Catostomus,fumeiventris,,Miller 1973,Owens Sucker,"Lower Hot Creek, Bishop, CA",,7/28/21,"Rosa Cox, CDFW",Owens_Sucker_Bishop_2021,"Easting and Northing: 342942, 4174784",OSKR_35,35,,Catostomus fumeiventris,Catostomus,fumeiventris,,Miller 1973,Owens Sucker,"Lower Hot Creek, Bishop, CA",,7/28/21,"Rosa Cox, CDFW",Owens_Sucker_Bishop_2021,"Easting and Northing: 342942, 4174784",OSKR_36,36,,Catostomus fumeiventris,Catostomus,fumeiventris,,Miller 1973,Owens Sucker,"Lower Hot Creek, Bishop, CA",,7/28/21,"Rosa Cox, CDFW",Owens_Sucker_Bishop_2021,"Easting and Northing: 342942, 4174784",OSKR_37,37,,Catostomus fumeiventris,Catostomus,fumeiventris,,Miller 1973,Owens Sucker,"Lower Hot Creek, Bishop, CA",,7/28/21,"Rosa Cox, CDFW",Owens_Sucker_Bishop_2021,"Easting and Northing: 342942, 4174784",OSKR_38,38,,Catostomus fumeiventris,Catostomus,fumeiventris,,Miller 1973,Owens Sucker,"Lower Hot Creek, Bishop, CA",,7/28/21,"Rosa Cox, CDFW",Owens_Sucker_Bishop_2021,"Easting and Northing: 342942, 4174784",OSKR_39,39,,Catostomus fumeiventris,Catostomus,fumeiventris,,Miller 1973,Owens Sucker,"Lower Hot Creek, Bishop, CA",,7/28/21,"Rosa Cox, CDFW",Owens_Sucker_Bishop_2021,"Easting and Northing: 342942, 4174784",OSKR_40,40,,Catostomus fumeiventris,Catostomus,fumeiventris,,Miller 1973,Owens Sucker,"Lower Hot Creek, Bishop, CA",,7/28/21,"Rosa Cox, CDFW",Owens_Sucker_Bishop_2021,"Easting and Northing: 342942, 4174784",OSKR_41,41,,Catostomus fumeiventris,Catostomus,fumeiventris,,Miller 1973,Owens Sucker,"Lower Hot Creek, Bishop, CA",,7/28/21,"Rosa Cox, CDFW",Owens_Sucker_Bishop_2021,"Easting and Northing: 342942, 4174784",OSKR_42,42,,Catostomus fumeiventris,Catostomus,fumeiventris,,Miller 1973,Owens Sucker,"Lower Horton Creek, Bishop,CA",,7/28/21,"Rosa Cox, CDFW",Owens_Sucker_Bishop_2021,"Easting and Northing: 365389, 4140359",OSKR_43,43,,Catostomus fumeiventris,Catostomus,fumeiventris,,Miller 1973,Owens Sucker,"Lower Horton Creek, Bishop,CA",,7/28/21,"Rosa Cox, CDFW",Owens_Sucker_Bishop_2021,"Easting and Northing: 365389, 4140360",OSKR_44,44,,Catostomus fumeiventris,Catostomus,fumeiventris,,Miller 1973,Owens Sucker,"Lower Horton Creek, Bishop,CA",,7/28/21,"Rosa Cox, CDFW",Owens_Sucker_Bishop_2021,"Easting and Northing: 365389, 4140361",MS_PC_01,Sucker_1,,Catostomus platyrhynchus,Pantosteus,platyrhynchus,,(Cope 1874),Mountain Sucker,"Poore Creek, CA",,6/29/21,"Rosa Cox, CDFW",Mountain_Tahoe_Sukers_Poore_Creek_2021,CMHP1231,MS_PC_02,Sucker_2,,Catostomus platyrhynchus,Pantosteus,platyrhynchus,,(Cope 1874),Mountain Sucker,"Poore Creek, CA",,6/29/21,"Rosa Cox, CDFW",Mountain_Tahoe_Sukers_Poore_Creek_2021,CMHP1238,MS_PC_03,Sucker_3,,Catostomus platyrhynchus,Pantosteus,platyrhynchus,,(Cope 1874),Mountain Sucker,"Poore Creek, CA",,6/29/21,"Rosa Cox, CDFW",Mountain_Tahoe_Sukers_Poore_Creek_2021,CMHP1241,MS_PC_04,Sucker_4,,Catostomus platyrhynchus,Pantosteus,platyrhynchus,,(Cope 1874),Mountain Sucker,"Poore Creek, CA",,6/29/21,"Rosa Cox, CDFW",Mountain_Tahoe_Sukers_Poore_Creek_2021,,MS_PC_05,Sucker_5,,Catostomus platyrhynchus,Pantosteus,platyrhynchus,,(Cope 1874),Mountain Sucker,"Poore Creek, CA",,6/29/21,"Rosa Cox, CDFW",Mountain_Tahoe_Sukers_Poore_Creek_2021,CMHP1323,MS_PC_06,Sucker_6,,Catostomus platyrhynchus,Pantosteus,platyrhynchus,,(Cope 1874),Mountain Sucker,"Poore Creek, CA",,6/29/21,"Rosa Cox, CDFW",Mountain_Tahoe_Sukers_Poore_Creek_2021,CMHP1617,MS_PC_07,1,,Catostomus platyrhynchus,Pantosteus,platyrhynchus,,(Cope 1874),Mountain Sucker,"Poore Creek, CA",,6/29/21,"Rosa Cox, CDFW",Mountain_Tahoe_Sukers_Poore_Creek_2021,,MS_PC_08,2,,Catostomus platyrhynchus,Pantosteus,platyrhynchus,,(Cope 1874),Mountain Sucker,"Poore Creek, CA",,6/29/21,"Rosa Cox, CDFW",Mountain_Tahoe_Sukers_Poore_Creek_2021,,MS_PC_09,3,,Catostomus platyrhynchus,Pantosteus,platyrhynchus,,(Cope 1874),Mountain Sucker,"Poore Creek, CA",,6/29/21,"Rosa Cox, CDFW",Mountain_Tahoe_Sukers_Poore_Creek_2021,,MS_PC_10,4,,Catostomus platyrhynchus,Pantosteus,platyrhynchus,,(Cope 1874),Mountain Sucker,"Poore Creek, CA",,6/29/21,"Rosa Cox, CDFW",Mountain_Tahoe_Sukers_Poore_Creek_2021,,MS_PC_11,,,Catostomus platyrhynchus,Pantosteus,platyrhynchus,,(Cope 1874),Mountain Sucker,"Poore Creek, CA",,6/29/21,"Rosa Cox, CDFW",Mountain_Tahoe_Sukers_Poore_Creek_2021,,MS_PC_12,,,Catostomus platyrhynchus,Pantosteus,platyrhynchus,,(Cope 1874),Mountain Sucker,"Poore Creek, CA",,6/29/21,"Rosa Cox, CDFW",Mountain_Tahoe_Sukers_Poore_Creek_2021,,MS_PC_13,,,Catostomus platyrhynchus,Pantosteus,platyrhynchus,,(Cope 1874),Mountain Sucker,"Poore Creek, CA",,6/29/21,"Rosa Cox, CDFW",Mountain_Tahoe_Sukers_Poore_Creek_2021,,MS_PC_14,,,Catostomus platyrhynchus,Pantosteus,platyrhynchus,,(Cope 1874),Mountain Sucker,"Poore Creek, CA",,6/29/21,"Rosa Cox, CDFW",Mountain_Tahoe_Sukers_Poore_Creek_2021,,MS_PC_15,,,Catostomus platyrhynchus,Pantosteus,platyrhynchus,,(Cope 1874),Mountain Sucker,"Poore Creek, CA",,6/29/21,"Rosa Cox, CDFW",Mountain_Tahoe_Sukers_Poore_Creek_2021,,MS_PC_16,,,Catostomus platyrhynchus,Pantosteus,platyrhynchus,,(Cope 1874),Mountain Sucker,"Poore Creek, CA",,6/29/21,"Rosa Cox, CDFW",Mountain_Tahoe_Sukers_Poore_Creek_2021,,MS_PC_17,,,Catostomus platyrhynchus,Pantosteus,platyrhynchus,,(Cope 1874),Mountain Sucker,"Poore Creek, CA",,6/29/21,"Rosa Cox, CDFW",Mountain_Tahoe_Sukers_Poore_Creek_2021,,MS_PC_18,,,Catostomus platyrhynchus,Pantosteus,platyrhynchus,,(Cope 1874),Mountain Sucker,"Poore Creek, CA",,6/29/21,"Rosa Cox, CDFW",Mountain_Tahoe_Sukers_Poore_Creek_2021,,MS_PC_19,,,Catostomus platyrhynchus,Pantosteus,platyrhynchus,,(Cope 1874),Mountain Sucker,"Poore Creek, CA",,6/29/21,"Rosa Cox, CDFW",Mountain_Tahoe_Sukers_Poore_Creek_2021,,MS_PC_20,,,Catostomus platyrhynchus,Pantosteus,platyrhynchus,,(Cope 1874),Mountain Sucker,"Poore Creek, CA",,6/29/21,"Rosa Cox, CDFW",Mountain_Tahoe_Sukers_Poore_Creek_2021,,MS_PC_21,,,Catostomus platyrhynchus,Pantosteus,platyrhynchus,,(Cope 1874),Mountain Sucker,"Poore Creek, CA",,6/29/21,"Rosa Cox, CDFW",Mountain_Tahoe_Sukers_Poore_Creek_2021,,KLS_2802-095,,,Catostomus snyderi,Catostomus,snyderi,,Gilbert 1898,Klamath Largescale Sucker,"Klamath basin, OR",,,"Christain Smith, FWS",Klamath_Suckers_Klamath_Basin_OR_2021,,KLS_2801-023,,,Catostomus snyderi,Catostomus,snyderi,,Gilbert 1898,Klamath Largescale Sucker,"Klamath basin, OR",,,"Christain Smith, FWS",Klamath_Suckers_Klamath_Basin_OR_2021,,KLS_2802-097,,,Catostomus snyderi,Catostomus,snyderi,,Gilbert 1898,Klamath Largescale Sucker,"Klamath basin, OR",,,"Christain Smith, FWS",Klamath_Suckers_Klamath_Basin_OR_2021,,KLS_2804-002,,,Catostomus snyderi,Catostomus,snyderi,,Gilbert 1898,Klamath Largescale Sucker,"Klamath basin, OR",,,"Christain Smith, FWS",Klamath_Suckers_Klamath_Basin_OR_2021,,KLS_2804-004,,,Catostomus snyderi,Catostomus,snyderi,,Gilbert 1898,Klamath Largescale Sucker,"Klamath basin, OR",,,"Christain Smith, FWS",Klamath_Suckers_Klamath_Basin_OR_2021,,KLS_2804-005,,,Catostomus snyderi,Catostomus,snyderi,,Gilbert 1898,Klamath Largescale Sucker,"Klamath basin, OR",,,"Christain Smith, FWS",Klamath_Suckers_Klamath_Basin_OR_2021,,KLS_2804-006,,,Catostomus snyderi,Catostomus,snyderi,,Gilbert 1898,Klamath Largescale Sucker,"Klamath basin, OR",,,"Christain Smith, FWS",Klamath_Suckers_Klamath_Basin_OR_2021,,KLS_2804-008,,,Catostomus snyderi,Catostomus,snyderi,,Gilbert 1898,Klamath Largescale Sucker,"Klamath basin, OR",,,"Christain Smith, FWS",Klamath_Suckers_Klamath_Basin_OR_2021,,KLS_2804-011,,,Catostomus snyderi,Catostomus,snyderi,,Gilbert 1898,Klamath Largescale Sucker,"Klamath basin, OR",,,"Christain Smith, FWS",Klamath_Suckers_Klamath_Basin_OR_2021,,KLS_2804-012,,,Catostomus snyderi,Catostomus,snyderi,,Gilbert 1898,Klamath Largescale Sucker,"Klamath basin, OR",,,"Christain Smith, FWS",Klamath_Suckers_Klamath_Basin_OR_2021,,KLS_2804-013,,,Catostomus snyderi,Catostomus,snyderi,,Gilbert 1898,Klamath Largescale Sucker,"Klamath basin, OR",,,"Christain Smith, FWS",Klamath_Suckers_Klamath_Basin_OR_2021,,KLS_2804-015,,,Catostomus snyderi,Catostomus,snyderi,,Gilbert 1898,Klamath Largescale Sucker,"Klamath basin, OR",,,"Christain Smith, FWS",Klamath_Suckers_Klamath_Basin_OR_2021,,KLS_2804-016,,,Catostomus snyderi,Catostomus,snyderi,,Gilbert 1898,Klamath Largescale Sucker,"Klamath basin, OR",,,"Christain Smith, FWS",Klamath_Suckers_Klamath_Basin_OR_2021,,KLS_2905-001,,,Catostomus snyderi,Catostomus,snyderi,,Gilbert 1898,Klamath Largescale Sucker,"Klamath basin, OR",,,"Christain Smith, FWS",Klamath_Suckers_Klamath_Basin_OR_2021,,KLS_2905-019,,,Catostomus snyderi,Catostomus,snyderi,,Gilbert 1898,Klamath Largescale Sucker,"Klamath basin, OR",,,"Christain Smith, FWS",Klamath_Suckers_Klamath_Basin_OR_2021,,KLS_2905-023,,,Catostomus snyderi,Catostomus,snyderi,,Gilbert 1898,Klamath Largescale Sucker,"Klamath basin, OR",,,"Christain Smith, FWS",Klamath_Suckers_Klamath_Basin_OR_2021,,KLS_2897-059,,,Catostomus snyderi,Catostomus,snyderi,,Gilbert 1898,Klamath Largescale Sucker,"Klamath basin, OR",,,"Christain Smith, FWS",Klamath_Suckers_Klamath_Basin_OR_2021,,KLS_2897-060,,,Catostomus snyderi,Catostomus,snyderi,,Gilbert 1898,Klamath Largescale Sucker,"Klamath basin, OR",,,"Christain Smith, FWS",Klamath_Suckers_Klamath_Basin_OR_2021,,KLS_3228-039,,,Catostomus snyderi,Catostomus,snyderi,,Gilbert 1898,Klamath Largescale Sucker,"Klamath basin, OR",,,"Christain Smith, FWS",Klamath_Suckers_Klamath_Basin_OR_2021,,KLS_3228-043,,,Catostomus snyderi,Catostomus,snyderi,,Gilbert 1898,Klamath Largescale Sucker,"Klamath basin, OR",,,"Christain Smith, FWS",Klamath_Suckers_Klamath_Basin_OR_2021,,KLS_3228-046,,,Catostomus snyderi,Catostomus,snyderi,,Gilbert 1898,Klamath Largescale Sucker,"Klamath basin, OR",,,"Christain Smith, FWS",Klamath_Suckers_Klamath_Basin_OR_2021,,KLS_3228-047,,,Catostomus snyderi,Catostomus,snyderi,,Gilbert 1898,Klamath Largescale Sucker,"Klamath basin, OR",,,"Christain Smith, FWS",Klamath_Suckers_Klamath_Basin_OR_2021,,KLS_3228-048,,,Catostomus snyderi,Catostomus,snyderi,,Gilbert 1898,Klamath Largescale Sucker,"Klamath basin, OR",,,"Christain Smith, FWS",Klamath_Suckers_Klamath_Basin_OR_2021,,KLS_3228-049,,,Catostomus snyderi,Catostomus,snyderi,,Gilbert 1898,Klamath Largescale Sucker,"Klamath basin, OR",,,"Christain Smith, FWS",Klamath_Suckers_Klamath_Basin_OR_2021,,KLS_3228-050,,,Catostomus snyderi,Catostomus,snyderi,,Gilbert 1898,Klamath Largescale Sucker,"Klamath basin, OR",,,"Christain Smith, FWS",Klamath_Suckers_Klamath_Basin_OR_2021,,LRS_2728-012,,,Deltistes luxatus,Deltistes,luxatus,,(Cope 1879),Lost River Sucker,"Klamath basin, OR",,,"Christain Smith, FWS",Klamath_Suckers_Klamath_Basin_OR_2021,,LRS_2728-017,,,Deltistes luxatus,Deltistes,luxatus,,(Cope 1879),Lost River Sucker,"Klamath basin, OR",,,"Christain Smith, FWS",Klamath_Suckers_Klamath_Basin_OR_2021,,LRS_2728-020,,,Deltistes luxatus,Deltistes,luxatus,,(Cope 1879),Lost River Sucker,"Klamath basin, OR",,,"Christain Smith, FWS",Klamath_Suckers_Klamath_Basin_OR_2021,,LRS_2728-021,,,Deltistes luxatus,Deltistes,luxatus,,(Cope 1879),Lost River Sucker,"Klamath basin, OR",,,"Christain Smith, FWS",Klamath_Suckers_Klamath_Basin_OR_2021,,LRS_2728-026,,,Deltistes luxatus,Deltistes,luxatus,,(Cope 1879),Lost River Sucker,"Klamath basin, OR",,,"Christain Smith, FWS",Klamath_Suckers_Klamath_Basin_OR_2021,,LRS_2728-029,,,Deltistes luxatus,Deltistes,luxatus,,(Cope 1879),Lost River Sucker,"Klamath basin, OR",,,"Christain Smith, FWS",Klamath_Suckers_Klamath_Basin_OR_2021,,LRS_2728-033,,,Deltistes luxatus,Deltistes,luxatus,,(Cope 1879),Lost River Sucker,"Klamath basin, OR",,,"Christain Smith, FWS",Klamath_Suckers_Klamath_Basin_OR_2021,,LRS_2728-036,,,Deltistes luxatus,Deltistes,luxatus,,(Cope 1879),Lost River Sucker,"Klamath basin, OR",,,"Christain Smith, FWS",Klamath_Suckers_Klamath_Basin_OR_2021,,LRS_2728-040,,,Deltistes luxatus,Deltistes,luxatus,,(Cope 1879),Lost River Sucker,"Klamath basin, OR",,,"Christain Smith, FWS",Klamath_Suckers_Klamath_Basin_OR_2021,,LRS_2735-045,,,Deltistes luxatus,Deltistes,luxatus,,(Cope 1879),Lost River Sucker,"Klamath basin, OR",,,"Christain Smith, FWS",Klamath_Suckers_Klamath_Basin_OR_2021,,LRS_2735-076,,,Deltistes luxatus,Deltistes,luxatus,,(Cope 1879),Lost River Sucker,"Klamath basin, OR",,,"Christain Smith, FWS",Klamath_Suckers_Klamath_Basin_OR_2021,,LRS_2735-077,,,Deltistes luxatus,Deltistes,luxatus,,(Cope 1879),Lost River Sucker,"Klamath basin, OR",,,"Christain Smith, FWS",Klamath_Suckers_Klamath_Basin_OR_2021,,LRS_2735-079,,,Deltistes luxatus,Deltistes,luxatus,,(Cope 1879),Lost River Sucker,"Klamath basin, OR",,,"Christain Smith, FWS",Klamath_Suckers_Klamath_Basin_OR_2021,,LRS_2735-084,,,Deltistes luxatus,Deltistes,luxatus,,(Cope 1879),Lost River Sucker,"Klamath basin, OR",,,"Christain Smith, FWS",Klamath_Suckers_Klamath_Basin_OR_2021,,LRS_2735-085,,,Deltistes luxatus,Deltistes,luxatus,,(Cope 1879),Lost River Sucker,"Klamath basin, OR",,,"Christain Smith, FWS",Klamath_Suckers_Klamath_Basin_OR_2021,,LRS_2735-086,,,Deltistes luxatus,Deltistes,luxatus,,(Cope 1879),Lost River Sucker,"Klamath basin, OR",,,"Christain Smith, FWS",Klamath_Suckers_Klamath_Basin_OR_2021,,LRS_2735-088,,,Deltistes luxatus,Deltistes,luxatus,,(Cope 1879),Lost River Sucker,"Klamath basin, OR",,,"Christain Smith, FWS",Klamath_Suckers_Klamath_Basin_OR_2021,,LRS_2896-002,,,Deltistes luxatus,Deltistes,luxatus,,(Cope 1879),Lost River Sucker,"Klamath basin, OR",,,"Christain Smith, FWS",Klamath_Suckers_Klamath_Basin_OR_2021,,LRS_2896-003,,,Deltistes luxatus,Deltistes,luxatus,,(Cope 1879),Lost River Sucker,"Klamath basin, OR",,,"Christain Smith, FWS",Klamath_Suckers_Klamath_Basin_OR_2021,,LRS_2896-004,,,Deltistes luxatus,Deltistes,luxatus,,(Cope 1879),Lost River Sucker,"Klamath basin, OR",,,"Christain Smith, FWS",Klamath_Suckers_Klamath_Basin_OR_2021,,LRS_2896-006,,,Deltistes luxatus,Deltistes,luxatus,,(Cope 1879),Lost River Sucker,"Klamath basin, OR",,,"Christain Smith, FWS",Klamath_Suckers_Klamath_Basin_OR_2021,,LRS_2896-007,,,Deltistes luxatus,Deltistes,luxatus,,(Cope 1879),Lost River Sucker,"Klamath basin, OR",,,"Christain Smith, FWS",Klamath_Suckers_Klamath_Basin_OR_2021,,LRS_2896-008,,,Deltistes luxatus,Deltistes,luxatus,,(Cope 1879),Lost River Sucker,"Klamath basin, OR",,,"Christain Smith, FWS",Klamath_Suckers_Klamath_Basin_OR_2021,,LRS_2896-010,,,Deltistes luxatus,Deltistes,luxatus,,(Cope 1879),Lost River Sucker,"Klamath basin, OR",,,"Christain Smith, FWS",Klamath_Suckers_Klamath_Basin_OR_2021,,LRS_2896-011,,,Deltistes luxatus,Deltistes,luxatus,,(Cope 1879),Lost River Sucker,"Klamath basin, OR",,,"Christain Smith, FWS",Klamath_Suckers_Klamath_Basin_OR_2021,,SNS_2894-072,,,Chasmistes brevirostris,Chasmistes,brevirostris,,Cope 1879,Shortnose Sucker,"Klamath basin, OR",,,"Christain Smith, FWS",Klamath_Suckers_Klamath_Basin_OR_2021,,SNS_2894-073,,,Chasmistes brevirostris,Chasmistes,brevirostris,,Cope 1879,Shortnose Sucker,"Klamath basin, OR",,,"Christain Smith, FWS",Klamath_Suckers_Klamath_Basin_OR_2021,,SNS_2894-074,,,Chasmistes brevirostris,Chasmistes,brevirostris,,Cope 1879,Shortnose Sucker,"Klamath basin, OR",,,"Christain Smith, FWS",Klamath_Suckers_Klamath_Basin_OR_2021,,SNS_2894-082,,,Chasmistes brevirostris,Chasmistes,brevirostris,,Cope 1879,Shortnose Sucker,"Klamath basin, OR",,,"Christain Smith, FWS",Klamath_Suckers_Klamath_Basin_OR_2021,,SNS_2894-083,,,Chasmistes brevirostris,Chasmistes,brevirostris,,Cope 1879,Shortnose Sucker,"Klamath basin, OR",,,"Christain Smith, FWS",Klamath_Suckers_Klamath_Basin_OR_2021,,SNS_2894-084,,,Chasmistes brevirostris,Chasmistes,brevirostris,,Cope 1879,Shortnose Sucker,"Klamath basin, OR",,,"Christain Smith, FWS",Klamath_Suckers_Klamath_Basin_OR_2021,,SNS_2894-085,,,Chasmistes brevirostris,Chasmistes,brevirostris,,Cope 1879,Shortnose Sucker,"Klamath basin, OR",,,"Christain Smith, FWS",Klamath_Suckers_Klamath_Basin_OR_2021,,SNS_2894-086,,,Chasmistes brevirostris,Chasmistes,brevirostris,,Cope 1879,Shortnose Sucker,"Klamath basin, OR",,,"Christain Smith, FWS",Klamath_Suckers_Klamath_Basin_OR_2021,,SNS_2894-087,,,Chasmistes brevirostris,Chasmistes,brevirostris,,Cope 1879,Shortnose Sucker,"Klamath basin, OR",,,"Christain Smith, FWS",Klamath_Suckers_Klamath_Basin_OR_2021,,SNS_2894-088,,,Chasmistes brevirostris,Chasmistes,brevirostris,,Cope 1879,Shortnose Sucker,"Klamath basin, OR",,,"Christain Smith, FWS",Klamath_Suckers_Klamath_Basin_OR_2021,,SNS_2894-089,,,Chasmistes brevirostris,Chasmistes,brevirostris,,Cope 1879,Shortnose Sucker,"Klamath basin, OR",,,"Christain Smith, FWS",Klamath_Suckers_Klamath_Basin_OR_2021,,SNS_2894-090,,,Chasmistes brevirostris,Chasmistes,brevirostris,,Cope 1879,Shortnose Sucker,"Klamath basin, OR",,,"Christain Smith, FWS",Klamath_Suckers_Klamath_Basin_OR_2021,,SNS_2894-091,,,Chasmistes brevirostris,Chasmistes,brevirostris,,Cope 1879,Shortnose Sucker,"Klamath basin, OR",,,"Christain Smith, FWS",Klamath_Suckers_Klamath_Basin_OR_2021,,SNS_2894-092,,,Chasmistes brevirostris,Chasmistes,brevirostris,,Cope 1879,Shortnose Sucker,"Klamath basin, OR",,,"Christain Smith, FWS",Klamath_Suckers_Klamath_Basin_OR_2021,,SNS_2894-093,,,Chasmistes brevirostris,Chasmistes,brevirostris,,Cope 1879,Shortnose Sucker,"Klamath basin, OR",,,"Christain Smith, FWS",Klamath_Suckers_Klamath_Basin_OR_2021,,SNS_2894-094,,,Chasmistes brevirostris,Chasmistes,brevirostris,,Cope 1879,Shortnose Sucker,"Klamath basin, OR",,,"Christain Smith, FWS",Klamath_Suckers_Klamath_Basin_OR_2021,,SNS_2894-095,,,Chasmistes brevirostris,Chasmistes,brevirostris,,Cope 1879,Shortnose Sucker,"Klamath basin, OR",,,"Christain Smith, FWS",Klamath_Suckers_Klamath_Basin_OR_2021,,SNS_2894-096,,,Chasmistes brevirostris,Chasmistes,brevirostris,,Cope 1879,Shortnose Sucker,"Klamath basin, OR",,,"Christain Smith, FWS",Klamath_Suckers_Klamath_Basin_OR_2021,,SNS_2898-077,,,Chasmistes brevirostris,Chasmistes,brevirostris,,Cope 1879,Shortnose Sucker,"Klamath basin, OR",,,"Christain Smith, FWS",Klamath_Suckers_Klamath_Basin_OR_2021,,SNS_2898-084,,,Chasmistes brevirostris,Chasmistes,brevirostris,,Cope 1879,Shortnose Sucker,"Klamath basin, OR",,,"Christain Smith, FWS",Klamath_Suckers_Klamath_Basin_OR_2021,,SNS_2949_043,,,Chasmistes brevirostris,Chasmistes,brevirostris,,Cope 1879,Shortnose Sucker,"Klamath basin, OR",,,"Christain Smith, FWS",Klamath_Suckers_Klamath_Basin_OR_2021,,SNS_2801-015,,,Chasmistes brevirostris,Chasmistes,brevirostris,,Cope 1879,Shortnose Sucker,"Klamath basin, OR",,,"Christain Smith, FWS",Klamath_Suckers_Klamath_Basin_OR_2021,,SNS_2801-017,,,Chasmistes brevirostris,Chasmistes,brevirostris,,Cope 1879,Shortnose Sucker,"Klamath basin, OR",,,"Christain Smith, FWS",Klamath_Suckers_Klamath_Basin_OR_2021,,SNS_2801-018,,,Chasmistes brevirostris,Chasmistes,brevirostris,,Cope 1879,Shortnose Sucker,"Klamath basin, OR",,,"Christain Smith, FWS",Klamath_Suckers_Klamath_Basin_OR_2021,,SNS_2801-025,,,Chasmistes brevirostris,Chasmistes,brevirostris,,Cope 1879,Shortnose Sucker,"Klamath basin, OR",,,"Christain Smith, FWS",Klamath_Suckers_Klamath_Basin_OR_2021,,KSS_3734-001,,,Catostomus rimiculus,Catostomus,rimiculus,,Gilbert & Snyder 1898,Klamath Smallscale Sucker,"Klamath basin, OR",,,"Christain Smith, FWS",Klamath_Suckers_Klamath_Basin_OR_2021,,KSS_3734-002,,,Catostomus rimiculus,Catostomus,rimiculus,,Gilbert & Snyder 1898,Klamath Smallscale Sucker,"Klamath basin, OR",,,"Christain Smith, FWS",Klamath_Suckers_Klamath_Basin_OR_2021,,KSS_3734-003,,,Catostomus rimiculus,Catostomus,rimiculus,,Gilbert & Snyder 1898,Klamath Smallscale Sucker,"Klamath basin, OR",,,"Christain Smith, FWS",Klamath_Suckers_Klamath_Basin_OR_2021,,KSS_3734-004,,,Catostomus rimiculus,Catostomus,rimiculus,,Gilbert & Snyder 1898,Klamath Smallscale Sucker,"Klamath basin, OR",,,"Christain Smith, FWS",Klamath_Suckers_Klamath_Basin_OR_2021,,KSS_3734-005,,,Catostomus rimiculus,Catostomus,rimiculus,,Gilbert & Snyder 1898,Klamath Smallscale Sucker,"Klamath basin, OR",,,"Christain Smith, FWS",Klamath_Suckers_Klamath_Basin_OR_2021,,KSS_3734-006,,,Catostomus rimiculus,Catostomus,rimiculus,,Gilbert & Snyder 1898,Klamath Smallscale Sucker,"Klamath basin, OR",,,"Christain Smith, FWS",Klamath_Suckers_Klamath_Basin_OR_2021,,KSS_3734-007,,,Catostomus rimiculus,Catostomus,rimiculus,,Gilbert & Snyder 1898,Klamath Smallscale Sucker,"Klamath basin, OR",,,"Christain Smith, FWS",Klamath_Suckers_Klamath_Basin_OR_2021,,KSS_3734-008,,,Catostomus rimiculus,Catostomus,rimiculus,,Gilbert & Snyder 1898,Klamath Smallscale Sucker,"Klamath basin, OR",,,"Christain Smith, FWS",Klamath_Suckers_Klamath_Basin_OR_2021,,KSS_3734-009,,,Catostomus rimiculus,Catostomus,rimiculus,,Gilbert & Snyder 1898,Klamath Smallscale Sucker,"Klamath basin, OR",,,"Christain Smith, FWS",Klamath_Suckers_Klamath_Basin_OR_2021,,KSS_3734-010,,,Catostomus rimiculus,Catostomus,rimiculus,,Gilbert & Snyder 1898,Klamath Smallscale Sucker,"Klamath basin, OR",,,"Christain Smith, FWS",Klamath_Suckers_Klamath_Basin_OR_2021,,KSS_3734-011,,,Catostomus rimiculus,Catostomus,rimiculus,,Gilbert & Snyder 1898,Klamath Smallscale Sucker,"Klamath basin, OR",,,"Christain Smith, FWS",Klamath_Suckers_Klamath_Basin_OR_2021,,KSS_3734-012,,,Catostomus rimiculus,Catostomus,rimiculus,,Gilbert & Snyder 1898,Klamath Smallscale Sucker,"Klamath basin, OR",,,"Christain Smith, FWS",Klamath_Suckers_Klamath_Basin_OR_2021,,KSS_3734-013,,,Catostomus rimiculus,Catostomus,rimiculus,,Gilbert & Snyder 1898,Klamath Smallscale Sucker,"Klamath basin, OR",,,"Christain Smith, FWS",Klamath_Suckers_Klamath_Basin_OR_2021,,KSS_3734-014,,,Catostomus rimiculus,Catostomus,rimiculus,,Gilbert & Snyder 1898,Klamath Smallscale Sucker,"Klamath basin, OR",,,"Christain Smith, FWS",Klamath_Suckers_Klamath_Basin_OR_2021,,KSS_3734-015,,,Catostomus rimiculus,Catostomus,rimiculus,,Gilbert & Snyder 1898,Klamath Smallscale Sucker,"Klamath basin, OR",,,"Christain Smith, FWS",Klamath_Suckers_Klamath_Basin_OR_2021,,KSS_3734-016,,,Catostomus rimiculus,Catostomus,rimiculus,,Gilbert & Snyder 1898,Klamath Smallscale Sucker,"Klamath basin, OR",,,"Christain Smith, FWS",Klamath_Suckers_Klamath_Basin_OR_2021,,