Sample ID,Plate ,Well,Sample Index,Library Index,Location,Species Common Name,Scientific NameWS_DC01,Plate 1,A1,ACAAGCTA,AGTCAA,"Deep Creek, OR",Warner Sucker,Catostomus warnerensisWS_DC02,Plate 1,B1,AACAACCA,AGTCAA,"Deep Creek, OR",Warner Sucker,Catostomus warnerensisWS_DC03,Plate 1,C1,AGATCGCA,AGTCAA,"Deep Creek, OR",Warner Sucker,Catostomus warnerensisWS_DC04,Plate 1,D1,CCGAAGTA,AGTCAA,"Deep Creek, OR",Warner Sucker,Catostomus warnerensisWS_DC05,Plate 1,E1,GATAGACA,AGTCAA,"Deep Creek, OR",Warner Sucker,Catostomus warnerensisWS_DC06,Plate 1,F1,TATCAGCA,AGTCAA,"Deep Creek, OR",Warner Sucker,Catostomus warnerensisWS_DC07,Plate 1,G1,AATGTTGC,AGTCAA,"Deep Creek, OR",Warner Sucker,Catostomus warnerensisWS_DC08,Plate 1,H1,CCATCCTC,AGTCAA,"Deep Creek, OR",Warner Sucker,Catostomus warnerensisWS_DC09,Plate 1,A2,AAACATCG,AGTCAA,"Deep Creek, OR",Warner Sucker,Catostomus warnerensisWS_DC10,Plate 1,B2,AACCGAGA,AGTCAA,"Deep Creek, OR",Warner Sucker,Catostomus warnerensisWS_DC11,Plate 1,C2,AGCAGGAA,AGTCAA,"Deep Creek, OR",Warner Sucker,Catostomus warnerensisWS_DC12,Plate 1,D2,CCGTGAGA,AGTCAA,"Deep Creek, OR",Warner Sucker,Catostomus warnerensisWS_DC13,Plate 1,E2,GCCACATA,AGTCAA,"Deep Creek, OR",Warner Sucker,Catostomus warnerensisWS_DC14,Plate 1,F2,TCCGTCTA,AGTCAA,"Deep Creek, OR",Warner Sucker,Catostomus warnerensisWS_DC15,Plate 1,G2,ACACTGAC,AGTCAA,"Deep Creek, OR",Warner Sucker,Catostomus warnerensisWS_TMC01,Plate 1,H2,CCGACAAC,AGTCAA,"Twentymile Creek, OR",Warner Sucker,Catostomus warnerensisWS_TMC02,Plate 1,A3,ACATTGGC,AGTCAA,"Twentymile Creek, OR",Warner Sucker,Catostomus warnerensisWS_TMC03,Plate 1,B3,AACGCTTA,AGTCAA,"Twentymile Creek, OR",Warner Sucker,Catostomus warnerensisWS_TMC04,Plate 1,C3,AGTCACTA,AGTCAA,"Twentymile Creek, OR",Warner Sucker,Catostomus warnerensisWS_TMC05,Plate 1,D3,CCTCCTGA,AGTCAA,"Twentymile Creek, OR",Warner Sucker,Catostomus warnerensisWS_TMC06,Plate 1,E3,GCGAGTAA,AGTCAA,"Twentymile Creek, OR",Warner Sucker,Catostomus warnerensisWS_TMC07,Plate 1,F3,TCTTCACA,AGTCAA,"Twentymile Creek, OR",Warner Sucker,Catostomus warnerensisWS_TMC08,Plate 1,G3,ACAGATTC,AGTCAA,"Twentymile Creek, OR",Warner Sucker,Catostomus warnerensisWS_TMC09,Plate 1,H3,AGTCAAGC,AGTCAA,"Twentymile Creek, OR",Warner Sucker,Catostomus warnerensisWS_TMC10,Plate 1,A4,ACCACTGT,AGTCAA,"Twentymile Creek, OR",Warner Sucker,Catostomus warnerensisWS_TMC11,Plate 1,B4,AAGACGGA,AGTCAA,"Twentymile Creek, OR",Warner Sucker,Catostomus warnerensisWS_TMC12,Plate 1,C4,ATCCTGTA,AGTCAA,"Twentymile Creek, OR",Warner Sucker,Catostomus warnerensisWS_TMC13,Plate 1,D4,CGAACTTA,AGTCAA,"Twentymile Creek, OR",Warner Sucker,Catostomus warnerensisWS_TMC14,Plate 1,E4,GCTAACGA,AGTCAA,"Twentymile Creek, OR",Warner Sucker,Catostomus warnerensisWS_HC1,Plate 1,F4,TGAAGAGA,AGTCAA,"Honey Creek, OR",Warner Sucker,Catostomus warnerensisWS_TMC15,Plate 1,G4,AGATGTAC,AGTCAA,"Twentymile Creek, OR",Warner Sucker,Catostomus warnerensisWS_HC2,Plate 1,H4,CCTCTATC,AGTCAA,"Honey Creek, OR",Warner Sucker,Catostomus warnerensisWS_HC3,Plate 1,A5,AACGTGAT,AGTCAA,"Honey Creek, OR",Warner Sucker,Catostomus warnerensisWS_HC4,Plate 1,B5,AAGGTACA,AGTCAA,"Honey Creek, OR",Warner Sucker,Catostomus warnerensisWS_HC5,Plate 1,C5,ATTGAGGA,AGTCAA,"Honey Creek, OR",Warner Sucker,Catostomus warnerensisWS_HC6,Plate 1,D5,CGACTGGA,AGTCAA,"Honey Creek, OR",Warner Sucker,Catostomus warnerensisWS_HC7,Plate 1,E5,GCTCGGTA,AGTCAA,"Honey Creek, OR",Warner Sucker,Catostomus warnerensisWS_HC8,Plate 1,F5,TGGAACAA,AGTCAA,"Honey Creek, OR",Warner Sucker,Catostomus warnerensisWCS_01,Plate 1,G5,AGCACCTC,AGTCAA,"Wall Canyon, NV",Wall Canyon Sucker,Catostomus new speciesWCS_02,Plate 1,H5,CGACACAC,AGTCAA,"Wall Canyon, NV",Wall Canyon Sucker,Catostomus new speciesWCS_03,Plate 1,A6,CGCTGATC,AGTCAA,"Wall Canyon, NV",Wall Canyon Sucker,Catostomus new speciesWCS_04,Plate 1,B6,ACACAGAA,AGTCAA,"Wall Canyon, NV",Wall Canyon Sucker,Catostomus new speciesWCS_05,Plate 1,C6,CAACCACA,AGTCAA,"Wall Canyon, NV",Wall Canyon Sucker,Catostomus new speciesWCS_06,Plate 1,D6,CGCATACA,AGTCAA,"Wall Canyon, NV",Wall Canyon Sucker,Catostomus new speciesWCS_07,Plate 1,E6,GGAGAACA,AGTCAA,"Wall Canyon, NV",Wall Canyon Sucker,Catostomus new speciesWCS_08,Plate 1,F6,TGGCTTCA,AGTCAA," Wall Canyon, NV",Wall Canyon Sucker,Catostomus new speciesWCS_09,Plate 1,G6,AGCCATGC,AGTCAA," Wall Canyon, NV",Wall Canyon Sucker,Catostomus new speciesWCS_10,Plate 1,H6,CGGATTGC,AGTCAA,"Wall Canyon, NV",Wall Canyon Sucker,Catostomus new speciesWCS_11,Plate 1,A7,CAGATCTG,AGTCAA,"Wall Canyon, NV",Wall Canyon Sucker,Catostomus new speciesWCS_12,Plate 1,B7,ACAGCAGA,AGTCAA,"Wall Canyon, NV",Wall Canyon Sucker,Catostomus new speciesWCS_13,Plate 1,C7,CAAGACTA,AGTCAA,"Wall Canyon, NV",Wall Canyon Sucker,Catostomus new speciesWCS_14,Plate 1,D7,CTCAATGA,AGTCAA,"Wall Canyon, NV",Wall Canyon Sucker,Catostomus new speciesWCS_15,Plate 1,E7,GGTGCGAA,AGTCAA,"Wall Canyon, NV",Wall Canyon Sucker,Catostomus new speciesWCS_16,Plate 1,F7,TGGTGGTA,AGTCAA,"Wall Canyon, NV",Wall Canyon Sucker,Catostomus new speciesWCS_17,Plate 1,G7,AGGCTAAC,AGTCAA,"Wall Canyon, NV",Wall Canyon Sucker,Catostomus new speciesWCS_18,Plate 1,H7,CTAAGGTC,AGTCAA,"Wall Canyon, NV",Wall Canyon Sucker,Catostomus new speciesWCS_19,Plate 1,A8,ATGCCTAA,AGTCAA,"Wall Canyon, NV",Wall Canyon Sucker,Catostomus new speciesWCS_20,Plate 1,B8,ACCTCCAA,AGTCAA,"Wall Canyon, NV",Wall Canyon Sucker,Catostomus new speciesWCS_21,Plate 1,C8,CAATGGAA,AGTCAA,"Wall Canyon, NV",Wall Canyon Sucker,Catostomus new speciesWCS_22,Plate 1,D8,CTGAGCCA,AGTCAA,"Wall Canyon, NV",Wall Canyon Sucker,Catostomus new speciesWCS_23,Plate 1,E8,GTACGCAA,AGTCAA,"Wall Canyon, NV",Wall Canyon Sucker,Catostomus new speciesWCS_24,Plate 1,F8,TTCACGCA,AGTCAA,"Wall Canyon, NV",Wall Canyon Sucker,Catostomus new speciesWCS_25,Plate 1,G8,ATAGCGAC,AGTCAA,"Wall Canyon, NV",Wall Canyon Sucker,Catostomus new speciesWCS_26,Plate 1,H8,GAACAGGC,AGTCAA,"Wall Canyon, NV",Wall Canyon Sucker,Catostomus new speciesWCS_27,Plate 1,A9,AACGAACG,AGTCAA,"Wall Canyon, NV",Wall Canyon Sucker,Catostomus new speciesS_TR_01,Plate 1,B9,ACGCTCGA,AGTCAA,"Truckee River, NV",Tahoe Sucker,Catostomus tahoensisS_TR_02,Plate 1,C9,CACTTCGA,AGTCAA,"Truckee River, NV",Tahoe Sucker,Catostomus tahoensisS_TR_03,Plate 1,D9,CTGGCATA,AGTCAA,"Truckee River, NV",Tahoe Sucker,Catostomus tahoensisS_TR_04,Plate 1,E9,GTCGTAGA,AGTCAA,"Truckee River, NV",Tahoe Sucker,Catostomus tahoensisS_TR_05,Plate 1,F9,ACACGAGA,AGTCAA,"Truckee River, NV",Tahoe Sucker,Catostomus tahoensisS_TR_06,Plate 1,G9,ACGACAAG,AGTCAA,"Truckee River, NV",Tahoe Sucker,Catostomus tahoensisS_TR_07,Plate 1,H9,GACAGTGC,AGTCAA,"Truckee River, NV",Mountain Sucker,Catostomus platyrhynchusS_TR_08,Plate 1,A10,AGTACAAG,AGTCAA," Truckee River, NV",Mountain Sucker,Catostomus platyrhynchusS_TR_09,Plate 1,B10,ACGTATCA,AGTCAA,"Truckee River, NV",Mountain Sucker,Catostomus platyrhynchusS_TR_10,Plate 1,C10,CAGCGTTA,AGTCAA,"Truckee River, NV",Mountain Sucker,Catostomus platyrhynchusS_TR_11,Plate 1,D10,GAATCTGA,AGTCAA,"Truckee River, NV",Mountain Sucker,Catostomus platyrhynchusS_TR_12,Plate 1,E10,GTCTGTCA,AGTCAA,"Truckee River, NV",Unidentified Sucker,Catostomus sp.S_TR_13,Plate 1,F10,AAGAGATC,AGTCAA,"Truckee River, NV",Unidentified Sucker,Catostomus sp.S_TR_14,Plate 1,G10,ATTGGCTC,AGTCAA,"Truckee River, NV",Unidentified Sucker,Catostomus sp.S_TR_15,Plate 1,H10,GAGTTAGC,AGTCAA,"Truckee River, NV",Tahoe Sucker,Catostomus tahoensisS_TR_16,Plate 1,A11,CATCAAGT,AGTCAA,"Truckee River, NV",Tahoe Sucker,Catostomus tahoensisS_TR_17,Plate 1,B11,ACTATGCA,AGTCAA,"Truckee River, NV",Tahoe Sucker,Catostomus tahoensisS_TR_18,Plate 1,C11,CATACCAA,AGTCAA,"Truckee River, NV",Mountain Sucker,Catostomus platyrhynchusS_TR_19,Plate 1,D11,GACTAGTA,AGTCAA," Truckee River, NV",Mountain Sucker,Catostomus platyrhynchusS_TR_20,Plate 1,E11,GTGTTCTA,AGTCAA,"Truckee River, NV",Mountain Sucker,Catostomus platyrhynchusTS_EFCR_01,Plate 1,F11,AAGGACAC,AGTCAA,"East Fork Carson River, NV",Tahoe Sucker,Catostomus tahoensisTS_EFCR_02,Plate 1,G11,CAAGGAGC,AGTCAA,"East Fork Carson River, NV",Tahoe Sucker,Catostomus tahoensisTS_EFCR_03,Plate 1,H11,GATGAATC,AGTCAA,"East Fork Carson River, NV",Tahoe Sucker,Catostomus tahoensisTS_EFCR_04,Plate 1,A12,AGTGGTCA,AGTCAA,"East Fork Carson River, NV",Tahoe Sucker,Catostomus tahoensisTS_EFCR_05,Plate 1,B12,AGAGTCAA,AGTCAA,"East Fork Carson River, NV",Tahoe Sucker,Catostomus tahoensisTS_EFCR_06,Plate 1,C12,CCAGTTCA,AGTCAA,"East Fork Carson River, NV",Tahoe Sucker,Catostomus tahoensisTS_EFCR_07,Plate 1,D12,GAGCTGAA,AGTCAA,"East Fork Carson River, NV",Tahoe Sucker,Catostomus tahoensisTS_EFCR_08,Plate 1,E12,TAGGATGA,AGTCAA,"East Fork Carson River, NV",Tahoe Sucker,Catostomus tahoensisTS_EFCR_09,Plate 1,F12,AATCCGTC,AGTCAA,"East Fork Carson River, NV",Tahoe Sucker,Catostomus tahoensisTS_EFCR_10,Plate 1,G12,CACCTTAC,AGTCAA,"East Fork Carson River, NV",Tahoe Sucker,Catostomus tahoensisTS_EFCR_11,Plate 1,H12,GCCAAGAC,AGTCAA,"East Fork Carson River, NV",Tahoe Sucker,Catostomus tahoensisTS_EFCR_12,Plate 2,A1,ACAAGCTA,GTCCGC,"East Fork Carson River, NV",Tahoe Sucker,Catostomus tahoensisTS_EFCR_13,Plate 2,B1,AACAACCA,GTCCGC,"East Fork Carson River, NV",Tahoe Sucker,Catostomus tahoensisTS_EFCR_14,Plate 2,C1,AGATCGCA,GTCCGC,"East Fork Carson River, NV",Tahoe Sucker,Catostomus tahoensisTS_EFCR_15,Plate 2,D1,CCGAAGTA,GTCCGC,"East Fork Carson River, NV",Tahoe Sucker,Catostomus tahoensisTS_EFCR_16,Plate 2,E1,GATAGACA,GTCCGC,"East Fork Carson River, NV",Tahoe Sucker,Catostomus tahoensisTS_EFCR_17,Plate 2,F1,TATCAGCA,GTCCGC,"East Fork Carson River, NV",Tahoe Sucker,Catostomus tahoensisTS_EFCR_18,Plate 2,G1,AATGTTGC,GTCCGC,"East Fork Carson River, NV",Tahoe Sucker,Catostomus tahoensisTS_EFCR_19,Plate 2,H1,CCATCCTC,GTCCGC,"East Fork Carson River, NV",Tahoe Sucker,Catostomus tahoensis934-002,Plate 2,A2,AAACATCG,GTCCGC,"Upper Pit, CA & OR",Sacremento Sucker,Catostomus occidentalis934-003,Plate 2,B2,AACCGAGA,GTCCGC,"Upper Pit, CA & OR",Sacremento Sucker,Catostomus occidentalis934-004,Plate 2,C2,AGCAGGAA,GTCCGC,"Upper Pit, CA & OR",Sacremento Sucker,Catostomus occidentalis934-005,Plate 2,D2,CCGTGAGA,GTCCGC,"Upper Pit, CA & OR",Sacremento Sucker,Catostomus occidentalis934-006,Plate 2,E2,GCCACATA,GTCCGC,"Upper Pit, CA & OR",Sacremento Sucker,Catostomus occidentalis934-007,Plate 2,F2,TCCGTCTA,GTCCGC,"Upper Pit, CA & OR",Sacremento Sucker,Catostomus occidentalis934-008,Plate 2,G2,ACACTGAC,GTCCGC,"Upper Pit, CA & OR",Sacremento Sucker,Catostomus occidentalis934-009,Plate 2,H2,CCGACAAC,GTCCGC,"Upper Pit, CA & OR",Sacremento Sucker,Catostomus occidentalis934-010,Plate 2,A3,ACATTGGC,GTCCGC,"Upper Pit, CA & OR",Sacremento Sucker,Catostomus occidentalis934-011,Plate 2,B3,AACGCTTA,GTCCGC,"Upper Pit, CA & OR",Sacremento Sucker,Catostomus occidentalis934-012,Plate 2,C3,AGTCACTA,GTCCGC,"Upper Pit, CA & OR",Sacremento Sucker,Catostomus occidentalis934-013,Plate 2,D3,CCTCCTGA,GTCCGC,"Upper Pit, CA & OR",Sacremento Sucker,Catostomus occidentalis945-006,Plate 2,E3,GCGAGTAA,GTCCGC,"Upper Pit, CA & OR",Sacremento Sucker,Catostomus occidentalis945-007,Plate 2,F3,TCTTCACA,GTCCGC,"Upper Pit, CA & OR",Sacremento Sucker,Catostomus occidentalis945-008,Plate 2,G3,ACAGATTC,GTCCGC,"Upper Pit, CA & OR",Sacremento Sucker,Catostomus occidentalis945-009,Plate 2,H3,AGTCAAGC,GTCCGC,"Upper Pit, CA & OR",Sacremento Sucker,Catostomus occidentalis945-010,Plate 2,A4,ACCACTGT,GTCCGC,"Upper Pit, CA & OR",Sacremento Sucker,Catostomus occidentalis1208-008,Plate 2,B4,AAGACGGA,GTCCGC,"Upper Pit, CA & OR",Sacremento Sucker,Catostomus occidentalis1208-009,Plate 2,C4,ATCCTGTA,GTCCGC,"Upper Pit, CA & OR",Modoc Sucker,Catostomus microps1208-010,Plate 2,D4,CGAACTTA,GTCCGC,"Upper Pit, CA & OR",Modoc Sucker,Catostomus microps1208-011,Plate 2,E4,GCTAACGA,GTCCGC,"Upper Pit, CA & OR",Modoc Sucker,Catostomus microps1208-012,Plate 2,F4,TGAAGAGA,GTCCGC,"Upper Pit, CA & OR",Modoc Sucker,Catostomus microps1208-013,Plate 2,G4,AGATGTAC,GTCCGC,"Upper Pit, CA & OR",Modoc Sucker,Catostomus microps1208-014,Plate 2,H4,CCTCTATC,GTCCGC,"Upper Pit, CA & OR",Modoc Sucker,Catostomus microps1208-015,Plate 2,A5,AACGTGAT,GTCCGC,"Upper Pit, CA & OR",Modoc Sucker,Catostomus microps1208-016,Plate 2,B5,AAGGTACA,GTCCGC,"Upper Pit, CA & OR",Modoc Sucker,Catostomus microps1208-017,Plate 2,C5,ATTGAGGA,GTCCGC,"Upper Pit, CA & OR",Modoc Sucker,Catostomus microps1208-058,Plate 2,D5,CGACTGGA,GTCCGC,"Upper Pit, CA & OR",Modoc Sucker,Catostomus microps1208-059,Plate 2,E5,GCTCGGTA,GTCCGC,"Upper Pit, CA & OR",Modoc Sucker,Catostomus microps1208-060,Plate 2,F5,TGGAACAA,GTCCGC,"Upper Pit, CA & OR",Modoc Sucker,Catostomus microps1208-061,Plate 2,G5,AGCACCTC,GTCCGC,"Upper Pit, CA & OR",Modoc Sucker,Catostomus microps1208-062,Plate 2,H5,CGACACAC,GTCCGC,"Upper Pit, CA & OR",Modoc Sucker,Catostomus microps1208-063,Plate 2,A6,CGCTGATC,GTCCGC,"Upper Pit, CA & OR",Modoc Sucker,Catostomus microps1208-064,Plate 2,B6,ACACAGAA,GTCCGC,"Upper Pit, CA & OR",Modoc Sucker,Catostomus microps1208-065,Plate 2,C6,CAACCACA,GTCCGC,"Upper Pit, CA & OR",Modoc Sucker,Catostomus microps1208-066,Plate 2,D6,CGCATACA,GTCCGC,"Upper Pit, CA & OR",Modoc Sucker,Catostomus microps1208-067,Plate 2,E6,GGAGAACA,GTCCGC,"Upper Pit, CA & OR",Modoc Sucker,Catostomus microps1272-011,Plate 2,F6,TGGCTTCA,GTCCGC,"Upper Pit, CA & OR",Modoc Sucker,Catostomus microps1272-012,Plate 2,G6,AGCCATGC,GTCCGC,"Upper Pit, CA & OR",Sacremento Sucker,Catostomus occidentalis1272-013,Plate 2,H6,CGGATTGC,GTCCGC,"Upper Pit, CA & OR",Sacremento Sucker,Catostomus occidentalis1272-014,Plate 2,A7,CAGATCTG,GTCCGC,"Upper Pit, CA & OR",Sacremento Sucker,Catostomus occidentalis1272-015,Plate 2,B7,ACAGCAGA,GTCCGC,"Upper Pit, CA & OR",Sacremento Sucker,Catostomus occidentalis1272-016,Plate 2,C7,CAAGACTA,GTCCGC,"Upper Pit, CA & OR",Sacremento Sucker,Catostomus occidentalis1272-017,Plate 2,D7,CTCAATGA,GTCCGC,"Upper Pit, CA & OR",Sacremento Sucker,Catostomus occidentalis1272-018,Plate 2,E7,GGTGCGAA,GTCCGC,"Upper Pit, CA & OR",Sacremento Sucker,Catostomus occidentalis1272-019,Plate 2,F7,TGGTGGTA,GTCCGC,"Upper Pit, CA & OR",Sacremento Sucker,Catostomus occidentalis1272-020,Plate 2,G7,AGGCTAAC,GTCCGC,"Upper Pit, CA & OR",Sacremento Sucker,Catostomus occidentalisOSKR_1,Plate 2,H7,CTAAGGTC,GTCCGC,"South Fork, Bishop, CA",Owens Sucker,Catostomus fumeiventrisOSKR_2,Plate 2,A8,ATGCCTAA,GTCCGC,"South Fork, Bishop, CA",Owens Sucker,Catostomus fumeiventrisOSKR_3,Plate 2,B8,ACCTCCAA,GTCCGC,"Lower Rock Creek, Bishop, CA",Owens Sucker,Catostomus fumeiventrisOSKR_4,Plate 2,C8,CAATGGAA,GTCCGC,"Lower Rock Creek, Bishop, CA",Owens Sucker,Catostomus fumeiventrisOSKR_5,Plate 2,D8,CTGAGCCA,GTCCGC,"Lower Rock Creek, Bishop, CA",Owens Sucker,Catostomus fumeiventrisOSKR_6,Plate 2,E8,GTACGCAA,GTCCGC,"Lower Rock Creek, Bishop, CA",Owens Sucker,Catostomus fumeiventrisOSKR_7,Plate 2,F8,TTCACGCA,GTCCGC,"Lower Rock Creek, Bishop, CA",Owens Sucker,Catostomus fumeiventrisOSKR_8,Plate 2,G8,ATAGCGAC,GTCCGC,"Lower Rock Creek, Bishop, CA",Owens Sucker,Catostomus fumeiventrisOSKR_9,Plate 2,H8,GAACAGGC,GTCCGC,"Lower Rock Creek, Bishop, CA",Owens Sucker,Catostomus fumeiventrisOSKR_10,Plate 2,A9,AACGAACG,GTCCGC,"Lower Rock Creek, Bishop, CA",Owens Sucker,Catostomus fumeiventrisOSKR_11,Plate 2,B9,ACGCTCGA,GTCCGC,"Lower Rock Creek, Bishop, CA",Owens Sucker,Catostomus fumeiventrisOSKR_12,Plate 2,C9,CACTTCGA,GTCCGC,"Lower Rock Creek, Bishop, CA",Owens Sucker,Catostomus fumeiventrisOSKR_13,Plate 2,D9,CTGGCATA,GTCCGC,"Lower Rock Creek, Bishop, CA",Owens Sucker,Catostomus fumeiventrisOSKR_14,Plate 2,E9,GTCGTAGA,GTCCGC,"Lower Rock Creek, Bishop, CA",Owens Sucker,Catostomus fumeiventrisOSKR_15,Plate 2,F9,ACACGAGA,GTCCGC,"Lower Rock Creek, Bishop, CA",Owens Sucker,Catostomus fumeiventrisOSKR_16,Plate 2,G9,ACGACAAG,GTCCGC,"Lower Rock Creek, Bishop, CA",Owens Sucker,Catostomus fumeiventrisOSKR_17,Plate 2,H9,GACAGTGC,GTCCGC,"Lower Rock Creek, Bishop, CA",Owens Sucker,Catostomus fumeiventrisOSKR_18,Plate 2,A10,AGTACAAG,GTCCGC,"Horton Creek,  Bishop, CA",Owens Sucker,Catostomus fumeiventrisOSKR_19,Plate 2,B10,ACGTATCA,GTCCGC,"Horton Creek,  Bishop, CA",Owens Sucker,Catostomus fumeiventrisOSKR_20,Plate 2,C10,CAGCGTTA,GTCCGC,"Horton Creek,  Bishop, CA",Owens Sucker,Catostomus fumeiventrisOSKR_21,Plate 2,D10,GAATCTGA,GTCCGC,"Lower Hot Creek, Bishop, CA",Owens Sucker,Catostomus fumeiventrisOSKR_22,Plate 2,E10,GTCTGTCA,GTCCGC,"Lower Hot Creek, Bishop, CA",Owens Sucker,Catostomus fumeiventrisOSKR_23,Plate 2,F10,AAGAGATC,GTCCGC,"Lower Hot Creek, Bishop, CA",Owens Sucker,Catostomus fumeiventrisOSKR_24,Plate 2,G10,ATTGGCTC,GTCCGC,"Lower Hot Creek, Bishop, CA",Owens Sucker,Catostomus fumeiventrisOSKR_25,Plate 2,H10,GAGTTAGC,GTCCGC,"Lower Hot Creek, Bishop, CA",Owens Sucker,Catostomus fumeiventrisOSKR_26,Plate 2,A11,CATCAAGT,GTCCGC,"Lower Hot Creek, Bishop, CA",Owens Sucker,Catostomus fumeiventrisOSKR_27,Plate 2,B11,ACTATGCA,GTCCGC,"Lower Hot Creek, Bishop, CA",Owens Sucker,Catostomus fumeiventrisOSKR_28,Plate 2,C11,CATACCAA,GTCCGC,"Lower Hot Creek, Bishop, CA",Owens Sucker,Catostomus fumeiventrisOSKR_29,Plate 2,D11,GACTAGTA,GTCCGC,"Lower Hot Creek, Bishop, CA",Owens Sucker,Catostomus fumeiventrisOSKR_30,Plate 2,E11,GTGTTCTA,GTCCGC,"Lower Hot Creek, Bishop, CA",Owens Sucker,Catostomus fumeiventrisOSKR_31,Plate 2,F11,AAGGACAC,GTCCGC,"Lower Hot Creek, Bishop, CA",Owens Sucker,Catostomus fumeiventrisOSKR_32,Plate 2,G11,CAAGGAGC,GTCCGC,"Lower Hot Creek, Bishop, CA",Owens Sucker,Catostomus fumeiventrisOSKR_33,Plate 2,H11,GATGAATC,GTCCGC,"Lower Hot Creek, Bishop, CA",Owens Sucker,Catostomus fumeiventrisOSKR_34,Plate 2,A12,AGTGGTCA,GTCCGC,"Lower Hot Creek, Bishop, CA",Owens Sucker,Catostomus fumeiventrisOSKR_35,Plate 2,B12,AGAGTCAA,GTCCGC,"Lower Hot Creek, Bishop, CA",Owens Sucker,Catostomus fumeiventrisOSKR_36,Plate 2,C12,CCAGTTCA,GTCCGC,"Lower Hot Creek, Bishop, CA",Owens Sucker,Catostomus fumeiventrisOSKR_37,Plate 2,D12,GAGCTGAA,GTCCGC,"Lower Hot Creek, Bishop, CA",Owens Sucker,Catostomus fumeiventrisOSKR_38,Plate 2,E12,TAGGATGA,GTCCGC,"Lower Hot Creek, Bishop, CA",Owens Sucker,Catostomus fumeiventrisOSKR_39,Plate 2,F12,AATCCGTC,GTCCGC,"Lower Hot Creek, Bishop, CA",Owens Sucker,Catostomus fumeiventrisOSKR_40,Plate 2,G12,CACCTTAC,GTCCGC,"Lower Hot Creek, Bishop, CA",Owens Sucker,Catostomus fumeiventrisOSKR_41,Plate 2,H12,GCCAAGAC,GTCCGC,"Lower Hot Creek, Bishop, CA",Owens Sucker,Catostomus fumeiventrisOSKR_42,Plate 3,A1,ACAAGCTA,ATGTCA,"Lower Horton Creek, Bishop,CA",Owens Sucker,Catostomus fumeiventrisOSKR_43,Plate 3,B1,AACAACCA,ATGTCA,"Lower Horton Creek, Bishop,CA",Owens Sucker,Catostomus fumeiventrisOSKR_44,Plate 3,C1,AGATCGCA,ATGTCA,"Lower Horton Creek, Bishop,CA",Owens Sucker,Catostomus fumeiventrisMS_PC_01,Plate 3,D1,CCGAAGTA,ATGTCA,"Poore Creek, CA",Mountain Sucker,Catostomus platyrhynchusMS_PC_02,Plate 3,E1,GATAGACA,ATGTCA,"Poore Creek, CA",Mountain Sucker,Catostomus platyrhynchusMS_PC_03,Plate 3,F1,TATCAGCA,ATGTCA,"Poore Creek, CA",Mountain Sucker,Catostomus platyrhynchusMS_PC_04,Plate 3,G1,AATGTTGC,ATGTCA,"Poore Creek, CA",Mountain Sucker,Catostomus platyrhynchusMS_PC_05,Plate 3,H1,CCATCCTC,ATGTCA,"Poore Creek, CA",Mountain Sucker,Catostomus platyrhynchusMS_PC_06,Plate 3,A2,AAACATCG,ATGTCA,"Poore Creek, CA",Mountain Sucker,Catostomus platyrhynchusMS_PC_07,Plate 3,B2,AACCGAGA,ATGTCA,"Poore Creek, CA",Mountain Sucker,Catostomus platyrhynchusMS_PC_08,Plate 3,C2,AGCAGGAA,ATGTCA,"Poore Creek, CA",Mountain Sucker,Catostomus platyrhynchusMS_PC_09,Plate 3,D2,CCGTGAGA,ATGTCA,"Poore Creek, CA",Mountain Sucker,Catostomus platyrhynchusMS_PC_10,Plate 3,E2,GCCACATA,ATGTCA,"Poore Creek, CA",Mountain Sucker,Catostomus platyrhynchusMS_PC_11,Plate 3,F2,TCCGTCTA,ATGTCA,"Poore Creek, CA",Mountain Sucker,Catostomus platyrhynchusMS_PC_12,Plate 3,G2,ACACTGAC,ATGTCA,"Poore Creek, CA",Mountain Sucker,Catostomus platyrhynchusMS_PC_13,Plate 3,H2,CCGACAAC,ATGTCA,"Poore Creek, CA",Mountain Sucker,Catostomus platyrhynchusMS_PC_14,Plate 3,A3,ACATTGGC,ATGTCA,"Poore Creek, CA",Mountain Sucker,Catostomus platyrhynchusMS_PC_15,Plate 3,B3,AACGCTTA,ATGTCA,"Poore Creek, CA",Mountain Sucker,Catostomus platyrhynchusMS_PC_16,Plate 3,C3,AGTCACTA,ATGTCA,"Poore Creek, CA",Mountain Sucker,Catostomus platyrhynchusMS_PC_17,Plate 3,D3,CCTCCTGA,ATGTCA,"Poore Creek, CA",Mountain Sucker,Catostomus platyrhynchusMS_PC_18,Plate 3,E3,GCGAGTAA,ATGTCA,"Poore Creek, CA",Mountain Sucker,Catostomus platyrhynchusMS_PC_19,Plate 3,F3,TCTTCACA,ATGTCA,"Poore Creek, CA",Mountain Sucker,Catostomus platyrhynchusMS_PC_20,Plate 3,G3,ACAGATTC,ATGTCA,"Poore Creek, CA",Mountain Sucker,Catostomus platyrhynchusMS_PC_21,Plate 3,H3,AGTCAAGC,ATGTCA,"Poore Creek, CA",Mountain Sucker,Catostomus platyrhynchusKLS_2802-095,Plate 4,A1,ACAAGCTA,GTGAAA,"Klamath basin, OR",Klamath Largescale Sucker,Catostomus snyderiKLS_2801-023,Plate 4,B1,AACAACCA,GTGAAA,"Klamath basin, OR",Klamath Largescale Sucker,Catostomus snyderiKLS_2802-097,Plate 4,C1,AGATCGCA,GTGAAA,"Klamath basin, OR",Klamath Largescale Sucker,Catostomus snyderiKLS_2804-002,Plate 4,D1,CCGAAGTA,GTGAAA,"Klamath basin, OR",Klamath Largescale Sucker,Catostomus snyderiKLS_2804-004,Plate 4,E1,GATAGACA,GTGAAA,"Klamath basin, OR",Klamath Largescale Sucker,Catostomus snyderiKLS_2804-005,Plate 4,F1,TATCAGCA,GTGAAA,"Klamath basin, OR",Klamath Largescale Sucker,Catostomus snyderiKLS_2804-006,Plate 4,G1,AATGTTGC,GTGAAA,"Klamath basin, OR",Klamath Largescale Sucker,Catostomus snyderiKLS_2804-008,Plate 4,H1,CCATCCTC,GTGAAA,"Klamath basin, OR",Klamath Largescale Sucker,Catostomus snyderiKLS_2804-011,Plate 4,A2,AAACATCG,GTGAAA,"Klamath basin, OR",Klamath Largescale Sucker,Catostomus snyderiKLS_2804-012,Plate 4,B2,AACCGAGA,GTGAAA,"Klamath basin, OR",Klamath Largescale Sucker,Catostomus snyderiKLS_2804-013,Plate 4,C2,AGCAGGAA,GTGAAA,"Klamath basin, OR",Klamath Largescale Sucker,Catostomus snyderiKLS_2804-015,Plate 4,D2,CCGTGAGA,GTGAAA,"Klamath basin, OR",Klamath Largescale Sucker,Catostomus snyderiKLS_2804-016,Plate 4,E2,GCCACATA,GTGAAA,"Klamath basin, OR",Klamath Largescale Sucker,Catostomus snyderiKLS_2905-001,Plate 4,F2,TCCGTCTA,GTGAAA,"Klamath basin, OR",Klamath Largescale Sucker,Catostomus snyderiKLS_2905-019,Plate 4,G2,ACACTGAC,GTGAAA,"Klamath basin, OR",Klamath Largescale Sucker,Catostomus snyderiKLS_2905-023,Plate 4,H2,CCGACAAC,GTGAAA,"Klamath basin, OR",Klamath Largescale Sucker,Catostomus snyderiKLS_2897-059,Plate 4,A3,ACATTGGC,GTGAAA,"Klamath basin, OR",Klamath Largescale Sucker,Catostomus snyderiKLS_2897-060,Plate 4,B3,AACGCTTA,GTGAAA,"Klamath basin, OR",Klamath Largescale Sucker,Catostomus snyderiKLS_3228-039,Plate 4,C3,AGTCACTA,GTGAAA,"Klamath basin, OR",Klamath Largescale Sucker,Catostomus snyderiKLS_3228-043,Plate 4,D3,CCTCCTGA,GTGAAA,"Klamath basin, OR",Klamath Largescale Sucker,Catostomus snyderiKLS_3228-046,Plate 4,E3,GCGAGTAA,GTGAAA,"Klamath basin, OR",Klamath Largescale Sucker,Catostomus snyderiKLS_3228-047,Plate 4,F3,TCTTCACA,GTGAAA,"Klamath basin, OR",Klamath Largescale Sucker,Catostomus snyderiKLS_3228-048,Plate 4,G3,ACAGATTC,GTGAAA,"Klamath basin, OR",Klamath Largescale Sucker,Catostomus snyderiKLS_3228-049,Plate 4,H3,AGTCAAGC,GTGAAA,"Klamath basin, OR",Klamath Largescale Sucker,Catostomus snyderiKLS_3228-050,Plate 4,A4,ACCACTGT,GTGAAA,"Klamath basin, OR",Klamath Largescale Sucker,Catostomus snyderiLRS_2728-012,Plate 4,B4,AAGACGGA,GTGAAA,"Klamath basin, OR",Lost River Sucker,Deltistes luxatusLRS_2728-017,Plate 4,C4,ATCCTGTA,GTGAAA,"Klamath basin, OR",Lost River Sucker,Deltistes luxatusLRS_2728-020,Plate 4,D4,CGAACTTA,GTGAAA,"Klamath basin, OR",Lost River Sucker,Deltistes luxatusLRS_2728-021,Plate 4,E4,GCTAACGA,GTGAAA,"Klamath basin, OR",Lost River Sucker,Deltistes luxatusLRS_2728-026,Plate 4,F4,TGAAGAGA,GTGAAA,"Klamath basin, OR",Lost River Sucker,Deltistes luxatusLRS_2728-029,Plate 4,G4,AGATGTAC,GTGAAA,"Klamath basin, OR",Lost River Sucker,Deltistes luxatusLRS_2728-033,Plate 4,H4,CCTCTATC,GTGAAA,"Klamath basin, OR",Lost River Sucker,Deltistes luxatusLRS_2728-036,Plate 4,A5,AACGTGAT,GTGAAA,"Klamath basin, OR",Lost River Sucker,Deltistes luxatusLRS_2728-040,Plate 4,B5,AAGGTACA,GTGAAA,"Klamath basin, OR",Lost River Sucker,Deltistes luxatusLRS_2735-045,Plate 4,C5,ATTGAGGA,GTGAAA,"Klamath basin, OR",Lost River Sucker,Deltistes luxatusLRS_2735-076,Plate 4,D5,CGACTGGA,GTGAAA,"Klamath basin, OR",Lost River Sucker,Deltistes luxatusLRS_2735-077,Plate 4,E5,GCTCGGTA,GTGAAA,"Klamath basin, OR",Lost River Sucker,Deltistes luxatusLRS_2735-079,Plate 4,F5,TGGAACAA,GTGAAA,"Klamath basin, OR",Lost River Sucker,Deltistes luxatusLRS_2735-084,Plate 4,G5,AGCACCTC,GTGAAA,"Klamath basin, OR",Lost River Sucker,Deltistes luxatusLRS_2735-085,Plate 4,H5,CGACACAC,GTGAAA,"Klamath basin, OR",Lost River Sucker,Deltistes luxatusLRS_2735-086,Plate 4,A6,CGCTGATC,GTGAAA,"Klamath basin, OR",Lost River Sucker,Deltistes luxatusLRS_2735-088,Plate 4,B6,ACACAGAA,GTGAAA,"Klamath basin, OR",Lost River Sucker,Deltistes luxatusLRS_2896-002,Plate 4,C6,CAACCACA,GTGAAA,"Klamath basin, OR",Lost River Sucker,Deltistes luxatusLRS_2896-003,Plate 4,D6,CGCATACA,GTGAAA,"Klamath basin, OR",Lost River Sucker,Deltistes luxatusLRS_2896-004,Plate 4,E6,GGAGAACA,GTGAAA,"Klamath basin, OR",Lost River Sucker,Deltistes luxatusLRS_2896-006,Plate 4,F6,TGGCTTCA,GTGAAA,"Klamath basin, OR",Lost River Sucker,Deltistes luxatusLRS_2896-007,Plate 4,G6,AGCCATGC,GTGAAA,"Klamath basin, OR",Lost River Sucker,Deltistes luxatusLRS_2896-008,Plate 4,H6,CGGATTGC,GTGAAA,"Klamath basin, OR",Lost River Sucker,Deltistes luxatusLRS_2896-010,Plate 4,A7,CAGATCTG,GTGAAA,"Klamath basin, OR",Lost River Sucker,Deltistes luxatusLRS_2896-011,Plate 4,B7,ACAGCAGA,GTGAAA,"Klamath basin, OR",Lost River Sucker,Deltistes luxatusSNS_2894-072,Plate 4,C7,CAAGACTA,GTGAAA,"Klamath basin, OR",Shortnose Sucker,Chasmistes brevirostrisSNS_2894-073,Plate 4,D7,CTCAATGA,GTGAAA,"Klamath basin, OR",Shortnose Sucker,Chasmistes brevirostrisSNS_2894-074,Plate 4,E7,GGTGCGAA,GTGAAA,"Klamath basin, OR",Shortnose Sucker,Chasmistes brevirostrisSNS_2894-082,Plate 4,F7,TGGTGGTA,GTGAAA,"Klamath basin, OR",Shortnose Sucker,Chasmistes brevirostrisSNS_2894-083,Plate 4,G7,AGGCTAAC,GTGAAA,"Klamath basin, OR",Shortnose Sucker,Chasmistes brevirostrisSNS_2894-084,Plate 4,H7,CTAAGGTC,GTGAAA,"Klamath basin, OR",Shortnose Sucker,Chasmistes brevirostrisSNS_2894-085,Plate 4,A8,ATGCCTAA,GTGAAA,"Klamath basin, OR",Shortnose Sucker,Chasmistes brevirostrisSNS_2894-086,Plate 4,B8,ACCTCCAA,GTGAAA,"Klamath basin, OR",Shortnose Sucker,Chasmistes brevirostrisSNS_2894-087,Plate 4,C8,CAATGGAA,GTGAAA,"Klamath basin, OR",Shortnose Sucker,Chasmistes brevirostrisSNS_2894-088,Plate 4,D8,CTGAGCCA,GTGAAA,"Klamath basin, OR",Shortnose Sucker,Chasmistes brevirostrisSNS_2894-089,Plate 4,E8,GTACGCAA,GTGAAA,"Klamath basin, OR",Shortnose Sucker,Chasmistes brevirostrisSNS_2894-090,Plate 4,F8,TTCACGCA,GTGAAA,"Klamath basin, OR",Shortnose Sucker,Chasmistes brevirostrisSNS_2894-091,Plate 4,G8,ATAGCGAC,GTGAAA,"Klamath basin, OR",Shortnose Sucker,Chasmistes brevirostrisSNS_2894-092,Plate 4,H8,GAACAGGC,GTGAAA,"Klamath basin, OR",Shortnose Sucker,Chasmistes brevirostrisSNS_2894-093,Plate 4,A9,AACGAACG,GTGAAA,"Klamath basin, OR",Shortnose Sucker,Chasmistes brevirostrisSNS_2894-094,Plate 4,B9,ACGCTCGA,GTGAAA,"Klamath basin, OR",Shortnose Sucker,Chasmistes brevirostrisSNS_2894-095,Plate 4,C9,CACTTCGA,GTGAAA,"Klamath basin, OR",Shortnose Sucker,Chasmistes brevirostrisSNS_2894-096,Plate 4,D9,CTGGCATA,GTGAAA,"Klamath basin, OR",Shortnose Sucker,Chasmistes brevirostrisSNS_2898-077,Plate 4,E9,GTCGTAGA,GTGAAA,"Klamath basin, OR",Shortnose Sucker,Chasmistes brevirostrisSNS_2898-084,Plate 4,F9,ACACGAGA,GTGAAA,"Klamath basin, OR",Shortnose Sucker,Chasmistes brevirostrisSNS_2949_043,Plate 4,G9,ACGACAAG,GTGAAA,"Klamath basin, OR",Shortnose Sucker,Chasmistes brevirostrisSNS_2801-015,Plate 4,H9,GACAGTGC,GTGAAA,"Klamath basin, OR",Shortnose Sucker,Chasmistes brevirostrisSNS_2801-017,Plate 4,A10,AGTACAAG,GTGAAA,"Klamath basin, OR",Shortnose Sucker,Chasmistes brevirostrisSNS_2801-018,Plate 4,B10,ACGTATCA,GTGAAA,"Klamath basin, OR",Shortnose Sucker,Chasmistes brevirostrisSNS_2801-025,Plate 4,C10,CAGCGTTA,GTGAAA,"Klamath basin, OR",Shortnose Sucker,Chasmistes brevirostrisKSS_3734-001,Plate 4,D10,GAATCTGA,GTGAAA,"Klamath basin, OR",Klamath Smallscale Sucker,Catostomus rimiculusKSS_3734-002,Plate 4,E10,GTCTGTCA,GTGAAA,"Klamath basin, OR",Klamath Smallscale Sucker,Catostomus rimiculusKSS_3734-003,Plate 4,F10,AAGAGATC,GTGAAA,"Klamath basin, OR",Klamath Smallscale Sucker,Catostomus rimiculusKSS_3734-004,Plate 4,G10,ATTGGCTC,GTGAAA,"Klamath basin, OR",Klamath Smallscale Sucker,Catostomus rimiculusKSS_3734-005,Plate 4,H10,GAGTTAGC,GTGAAA,"Klamath basin, OR",Klamath Smallscale Sucker,Catostomus rimiculusKSS_3734-006,Plate 4,A11,CATCAAGT,GTGAAA,"Klamath basin, OR",Klamath Smallscale Sucker,Catostomus rimiculusKSS_3734-007,Plate 4,B11,ACTATGCA,GTGAAA,"Klamath basin, OR",Klamath Smallscale Sucker,Catostomus rimiculusKSS_3734-008,Plate 4,C11,CATACCAA,GTGAAA,"Klamath basin, OR",Klamath Smallscale Sucker,Catostomus rimiculusKSS_3734-009,Plate 4,D11,GACTAGTA,GTGAAA,"Klamath basin, OR",Klamath Smallscale Sucker,Catostomus rimiculusKSS_3734-010,Plate 4,E11,GTGTTCTA,GTGAAA,"Klamath basin, OR",Klamath Smallscale Sucker,Catostomus rimiculusKSS_3734-011,Plate 4,F11,AAGGACAC,GTGAAA,"Klamath basin, OR",Klamath Smallscale Sucker,Catostomus rimiculusKSS_3734-012,Plate 4,G11,CAAGGAGC,GTGAAA,"Klamath basin, OR",Klamath Smallscale Sucker,Catostomus rimiculusKSS_3734-013,Plate 4,H11,GATGAATC,GTGAAA,"Klamath basin, OR",Klamath Smallscale Sucker,Catostomus rimiculusKSS_3734-014,Plate 4,B12,AGAGTCAA,GTGAAA,"Klamath basin, OR",Klamath Smallscale Sucker,Catostomus rimiculusKSS_3734-015,Plate 4,C12,CCAGTTCA,GTGAAA,"Klamath basin, OR",Klamath Smallscale Sucker,Catostomus rimiculusKSS_3734-016,Plate 4,D12,GAGCTGAA,GTGAAA,"Klamath basin, OR",Klamath Smallscale Sucker,Catostomus rimiculus